data_fim,trimestre,cd_conta,ds_conta,valor_mil
2015-03-31,T1,1,Ativo Total,1169439000.0
2015-03-31,T1,1.01,Caixa e Equivalentes de Caixa,18687000.0
2015-03-31,T1,1.02,Aplicações Financeiras,550360000.0
2015-03-31,T1,1.02.01,Aplicações Financeiras Avaliadas a Valor Justo,512658000.0
2015-03-31,T1,1.02.01.01,Títulos para Negociação,138260000.0
2015-03-31,T1,1.02.01.02,Títulos Disponíveis para Venda,83527000.0
2015-03-31,T1,1.02.01.03,Depósitos Compulsórios no Banco Central,63235000.0
2015-03-31,T1,1.02.01.04,Aplicações em Depósitos interfinanceiros,25903000.0
2015-03-31,T1,1.02.01.05,Aplicações no Mercado Aberto,201307000.0
2015-03-31,T1,1.02.01.06,Ativos Financeiros Designados a Valor Justo através do Resultado,426000.0
2015-03-31,T1,1.02.02,Aplicações Financeiras Avaliadas ao Custo Amortizado,37702000.0
2015-03-31,T1,1.02.02.01,Títulos Mantidos até o Vencimento,37702000.0
2015-03-31,T1,1.03,Empréstimos e Recebíveis,0.0
2015-03-31,T1,1.04,Tributos Diferidos,41275000.0
2015-03-31,T1,1.04.01,Imposto de Renda e Contribuição Social Diferidos,37418000.0
2015-03-31,T1,1.04.02,Imposto de Rensa e Contribuição Social Correntes,1995000.0
2015-03-31,T1,1.04.03,Outros,1862000.0
2015-03-31,T1,1.05,Outros Ativos,540129000.0
2015-03-31,T1,1.05.01,Ativos Não Correntes a Venda,0.0
2015-03-31,T1,1.05.02,Ativos de Operações Descontinuadas,0.0
2015-03-31,T1,1.05.03,Outros,540129000.0
2015-03-31,T1,1.05.03.01,Derivativos,24634000.0
2015-03-31,T1,1.05.03.02,"Operações de Crédito, Líquida",444699000.0
2015-03-31,T1,1.05.03.03,Outros Ativos Financeiros,54301000.0
2015-03-31,T1,1.05.03.04,Ágio,1999000.0
2015-03-31,T1,1.05.03.05,Outros Ativos,14496000.0
2015-03-31,T1,1.06,Investimentos,4115000.0
2015-03-31,T1,1.06.01,Participações em Coligadas,4115000.0
2015-03-31,T1,1.06.02,Outros,0.0
2015-03-31,T1,1.07,Imobilizado,8659000.0
2015-03-31,T1,1.07.01,Imobilizado de Uso,8659000.0
2015-03-31,T1,1.07.02,Imobilizado de Arrendamento,0.0
2015-03-31,T1,1.08,Intangível,6214000.0
2015-03-31,T1,1.08.01,Intangíveis,6214000.0
2015-03-31,T1,1.08.02,Goodwill,0.0
2015-06-30,T2,1,Ativo Total,1133898000.0
2015-06-30,T2,1.01,Caixa e Equivalentes de Caixa,18005000.0
2015-06-30,T2,1.02,Aplicações Financeiras,542926000.0
2015-06-30,T2,1.02.01,Aplicações Financeiras Avaliadas a Valor Justo,503848000.0
2015-06-30,T2,1.02.01.01,Títulos para Negociação,166638000.0
2015-06-30,T2,1.02.01.02,Títulos Disponíveis para Venda,81274000.0
2015-06-30,T2,1.02.01.03,Depósitos Compulsórios no Banco Central,60157000.0
2015-06-30,T2,1.02.01.04,Aplicações em Depósitos interfinanceiros,30975000.0
2015-06-30,T2,1.02.01.05,Aplicações no Mercado Aberto,164084000.0
2015-06-30,T2,1.02.01.06,Ativos Financeiros Designados a Valor Justo através do Resultado,720000.0
2015-06-30,T2,1.02.02,Aplicações Financeiras Avaliadas ao Custo Amortizado,39078000.0
2015-06-30,T2,1.02.02.01,Títulos Mantidos até o Vencimento,39078000.0
2015-06-30,T2,1.03,Empréstimos e Recebíveis,0.0
2015-06-30,T2,1.04,Tributos Diferidos,38231000.0
2015-06-30,T2,1.04.01,Imposto de Renda e Contribuição Social Diferidos,34624000.0
2015-06-30,T2,1.04.02,Imposto de Rensa e Contribuição Social Correntes,1854000.0
2015-06-30,T2,1.04.03,Outros,1753000.0
2015-06-30,T2,1.05,Outros Ativos,515775000.0
2015-06-30,T2,1.05.01,Ativos Não Correntes a Venda,0.0
2015-06-30,T2,1.05.02,Ativos de Operações Descontinuadas,0.0
2015-06-30,T2,1.05.03,Outros,515775000.0
2015-06-30,T2,1.05.03.01,Derivativos,19446000.0
2015-06-30,T2,1.05.03.02,"Operações de Crédito, Líquida",433906000.0
2015-06-30,T2,1.05.03.03,Outros Ativos Financeiros,47469000.0
2015-06-30,T2,1.05.03.04,Ágio,1987000.0
2015-06-30,T2,1.05.03.05,Outros Ativos,12967000.0
2015-06-30,T2,1.06,Investimentos,4207000.0
2015-06-30,T2,1.06.01,Participações em Coligadas,4207000.0
2015-06-30,T2,1.06.01.01,Investimentos em Empresas não Consoldiadas,4207000.0
2015-06-30,T2,1.06.02,Outros,0.0
2015-06-30,T2,1.07,Imobilizado,8535000.0
2015-06-30,T2,1.07.01,Imobilizado de Uso,8535000.0
2015-06-30,T2,1.07.02,Imobilizado de Arrendamento,0.0
2015-06-30,T2,1.08,Intangível,6219000.0
2015-06-30,T2,1.08.01,Intangíveis,6219000.0
2015-06-30,T2,1.08.02,Goodwill,0.0
2015-09-30,T3,1,Ativo Total,1241933000.0
2015-09-30,T3,1.01,Caixa e Equivalentes de Caixa,18138000.0
2015-09-30,T3,1.02,Aplicações Financeiras,591742000.0
2015-09-30,T3,1.02.01,Aplicações Financeiras Avaliadas a Valor Justo,549336000.0
2015-09-30,T3,1.02.01.01,Títulos para Negociação,165387000.0
2015-09-30,T3,1.02.01.02,Títulos Disponíveis para Venda,88267000.0
2015-09-30,T3,1.02.01.03,Depósitos Compulsórios no Banco Central,65263000.0
2015-09-30,T3,1.02.01.04,Aplicações em Depósitos interfinanceiros,31599000.0
2015-09-30,T3,1.02.01.05,Aplicações no Mercado Aberto,198185000.0
2015-09-30,T3,1.02.01.06,Ativos Financeiros Designados a Valor Justo através do Resultado,635000.0
2015-09-30,T3,1.02.02,Aplicações Financeiras Avaliadas ao Custo Amortizado,42406000.0
2015-09-30,T3,1.02.02.01,Títulos Mantidos até o Vencimento,42406000.0
2015-09-30,T3,1.03,Empréstimos e Recebíveis,0.0
2015-09-30,T3,1.04,Tributos Diferidos,54113000.0
2015-09-30,T3,1.04.01,Imposto de Renda e Contribuição Social Diferidos,48811000.0
2015-09-30,T3,1.04.02,Imposto de Rensa e Contribuição Social Correntes,2510000.0
2015-09-30,T3,1.04.03,Outros,2792000.0
2015-09-30,T3,1.05,Outros Ativos,558516000.0
2015-09-30,T3,1.05.01,Ativos Não Correntes a Venda,0.0
2015-09-30,T3,1.05.02,Ativos de Operações Descontinuadas,0.0
2015-09-30,T3,1.05.03,Outros,558516000.0
2015-09-30,T3,1.05.03.01,Derivativos,34277000.0
2015-09-30,T3,1.05.03.02,"Operações de Crédito, Líquida",452040000.0
2015-09-30,T3,1.05.03.03,Outros Ativos Financeiros,56708000.0
2015-09-30,T3,1.05.03.04,Ágio,2065000.0
2015-09-30,T3,1.05.03.05,Outros Ativos,13426000.0
2015-09-30,T3,1.06,Investimentos,4336000.0
2015-09-30,T3,1.06.01,Participações em Coligadas,4336000.0
2015-09-30,T3,1.06.01.01,Investimentos em Empresas não Consoldiadas,4336000.0
2015-09-30,T3,1.06.02,Outros,0.0
2015-09-30,T3,1.07,Imobilizado,8803000.0
2015-09-30,T3,1.07.01,Imobilizado de Uso,8803000.0
2015-09-30,T3,1.07.02,Imobilizado de Arrendamento,0.0
2015-09-30,T3,1.08,Intangível,6285000.0
2015-09-30,T3,1.08.01,Intangíveis,6285000.0
2015-09-30,T3,1.08.02,Goodwill,0.0
2016-03-31,T1,1,Ativo Total,1203294000.0
2016-03-31,T1,1.01,Caixa e Equivalentes de Caixa,18384000.0
2016-03-31,T1,1.02,Aplicações Financeiras,602668000.0
2016-03-31,T1,1.02.01,Aplicações Financeiras Avaliadas a Valor Justo,561564000.0
2016-03-31,T1,1.02.01.01,Títulos para Negociação,169905000.0
2016-03-31,T1,1.02.01.02,Títulos Disponíveis para Venda,85679000.0
2016-03-31,T1,1.02.01.03,Depósitos Compulsórios no Banco Central,67001000.0
2016-03-31,T1,1.02.01.04,Aplicações em Depósitos Interfinanceiros,29189000.0
2016-03-31,T1,1.02.01.05,Aplicações no Mercado Aberto,209394000.0
2016-03-31,T1,1.02.01.06,Ativos Financeiros Designados a Valor Justo através do Resultado,396000.0
2016-03-31,T1,1.02.02,Aplicações Financeiras Avaliadas ao Custo Amortizado,41104000.0
2016-03-31,T1,1.02.02.01,Títulos Mantidos até o Vencimento,41104000.0
2016-03-31,T1,1.03,Empréstimos e Recebíveis,0.0
2016-03-31,T1,1.04,Tributos Diferidos,48588000.0
2016-03-31,T1,1.04.01,Imposto de Renda e Contribuição Social Diferidos,43500000.0
2016-03-31,T1,1.04.02,Imposto de Renda e Contribuião Social Correntes,2556000.0
2016-03-31,T1,1.04.03,Outros,2532000.0
2016-03-31,T1,1.05,Outros Ativos,514659000.0
2016-03-31,T1,1.05.01,Ativos Não Correntes a Venda,0.0
2016-03-31,T1,1.05.02,Ativos de Operações Descontinuadas,0.0
2016-03-31,T1,1.05.03,Outros,514659000.0
2016-03-31,T1,1.05.03.01,Derivativos,27748000.0
2016-03-31,T1,1.05.03.02,"Operações de Crédito, Líquida",418026000.0
2016-03-31,T1,1.05.03.03,Outros Ativos Financeiros,54035000.0
2016-03-31,T1,1.05.03.04,Ágio,2669000.0
2016-03-31,T1,1.05.03.05,Outros Ativos,12181000.0
2016-03-31,T1,1.06,Investimentos,4576000.0
2016-03-31,T1,1.06.01,Participações em Coligadas,4576000.0
2016-03-31,T1,1.06.01.01,Investimentos em Empresas não Consolidadas,4576000.0
2016-03-31,T1,1.06.02,Outros,0.0
2016-03-31,T1,1.07,Imobilizado,8181000.0
2016-03-31,T1,1.07.01,Imobilizado de Uso,8181000.0
2016-03-31,T1,1.07.02,Imobilizado de Arrendamento,0.0
2016-03-31,T1,1.08,Intangível,6238000.0
2016-03-31,T1,1.08.01,Intangíveis,6238000.0
2016-03-31,T1,1.08.02,Goodwill,0.0
2016-06-30,T2,1,Ativo Total,1316342000.0
2016-06-30,T2,1.01,Caixa e Equivalentes de Caixa,21852000.0
2016-06-30,T2,1.02,Aplicações Financeiras,647155000.0
2016-06-30,T2,1.02.01,Aplicações Financeiras Avaliadas a Valor Justo,606471000.0
2016-06-30,T2,1.02.01.01,Títulos para Negociação,179228000.0
2016-06-30,T2,1.02.01.02,Títulos Disponíveis para Venda,85501000.0
2016-06-30,T2,1.02.01.03,Depósitos Compulsórios no Banco Central,68698000.0
2016-06-30,T2,1.02.01.04,Aplicações em Depósitos Interfinanceiros,25362000.0
2016-06-30,T2,1.02.01.05,Aplicações no Mercado Aberto,246932000.0
2016-06-30,T2,1.02.01.06,Ativos Financeiros Designados a Valor Justo através do Resultado,750000.0
2016-06-30,T2,1.02.02,Aplicações Financeiras Avaliadas ao Custo Amortizado,40684000.0
2016-06-30,T2,1.02.02.01,Títulos Mantidos até o Vencimento,40684000.0
2016-06-30,T2,1.03,Empréstimos e Recebíveis,0.0
2016-06-30,T2,1.04,Tributos Diferidos,43966000.0
2016-06-30,T2,1.04.01,Imposto de Renda e Contribuição Social Diferidos,38623000.0
2016-06-30,T2,1.04.02,Imposto de Renda e Contribuição Social Correntes,2466000.0
2016-06-30,T2,1.04.03,Outros,2877000.0
2016-06-30,T2,1.05,Outros Ativos,582696000.0
2016-06-30,T2,1.05.01,Ativos Não Correntes a Venda,0.0
2016-06-30,T2,1.05.02,Ativos de Operações Descontinuadas,0.0
2016-06-30,T2,1.05.03,Outros,582696000.0
2016-06-30,T2,1.05.03.01,Derivativos,37114000.0
2016-06-30,T2,1.05.03.02,"Operações de Crédito, Líquida",468787000.0
2016-06-30,T2,1.05.03.03,Outros Ativos Financeiros,54146000.0
2016-06-30,T2,1.05.03.04,Ágio,9384000.0
2016-06-30,T2,1.05.03.05,Outros Ativos,13265000.0
2016-06-30,T2,1.06,Investimentos,4923000.0
2016-06-30,T2,1.06.01,Participações em Coligadas,4923000.0
2016-06-30,T2,1.06.01.01,Investimentos em Empresas não Consolidadas,4923000.0
2016-06-30,T2,1.06.02,Outros,0.0
2016-06-30,T2,1.07,Imobilizado,8186000.0
2016-06-30,T2,1.07.01,Imobilizado de Uso,8186000.0
2016-06-30,T2,1.07.02,Imobilizado de Arrendamento,0.0
2016-06-30,T2,1.08,Intangível,7564000.0
2016-06-30,T2,1.08.01,Intangíveis,7564000.0
2016-06-30,T2,1.08.02,Goodwill,0.0
2016-09-30,T3,1,Ativo Total,1324122000.0
2016-09-30,T3,1.01,Caixa e Equivalentes de Caixa,20176000.0
2016-09-30,T3,1.02,Aplicações Financeiras,675042000.0
2016-09-30,T3,1.02.01,Aplicações Financeiras Avaliadas a Valor Justo,633856000.0
2016-09-30,T3,1.02.01.01,Títulos para Negociação,189895000.0
2016-09-30,T3,1.02.01.02,Títulos Disponíveis para Venda,86602000.0
2016-09-30,T3,1.02.01.03,Depósitos Compulsórios no Banco Central,76388000.0
2016-09-30,T3,1.02.01.04,Aplicações em Depósitos Interfinanceiros,23108000.0
2016-09-30,T3,1.02.01.05,Aplicações no Mercado Aberto,257122000.0
2016-09-30,T3,1.02.01.06,Ativos Financeiros Designados a Valor Justo através do Resultado,741000.0
2016-09-30,T3,1.02.02,Aplicações Financeiras Avaliadas ao Custo Amortizado,41186000.0
2016-09-30,T3,1.02.02.01,Títulos Mantidos até o Vencimento,41186000.0
2016-09-30,T3,1.03,Empréstimos e Recebíveis,0.0
2016-09-30,T3,1.04,Tributos Diferidos,44133000.0
2016-09-30,T3,1.04.01,Imposto de Renda e Contribuição Social Diferidos,38697000.0
2016-09-30,T3,1.04.02,Imposto de Renda e Contribuição Social Correntes,2427000.0
2016-09-30,T3,1.04.03,Outros,3009000.0
2016-09-30,T3,1.05,Outros Ativos,564057000.0
2016-09-30,T3,1.05.01,Ativos Não Correntes a Venda,0.0
2016-09-30,T3,1.05.02,Ativos de Operações Descontinuadas,0.0
2016-09-30,T3,1.05.03,Outros,564057000.0
2016-09-30,T3,1.05.03.01,Derivativos,26187000.0
2016-09-30,T3,1.05.03.02,"Operações de Crédito, Líquida",465350000.0
2016-09-30,T3,1.05.03.03,Outros Ativos Financeiros,50880000.0
2016-09-30,T3,1.05.03.04,Ágio,9375000.0
2016-09-30,T3,1.05.03.05,Outros Ativos,12265000.0
2016-09-30,T3,1.06,Investimentos,5022000.0
2016-09-30,T3,1.06.01,Participações em Coligadas,5022000.0
2016-09-30,T3,1.06.01.01,Investimentos em Empresas não Consolidadas,5022000.0
2016-09-30,T3,1.06.02,Outros,0.0
2016-09-30,T3,1.07,Imobilizado,7920000.0
2016-09-30,T3,1.07.01,Imobilizado de Uso,7920000.0
2016-09-30,T3,1.07.02,Imobilizado de Arrendamento,0.0
2016-09-30,T3,1.08,Intangível,7772000.0
2016-09-30,T3,1.08.01,Intangíveis,7772000.0
2016-09-30,T3,1.08.02,Goodwill,0.0
2017-03-31,T1,1,Ativo Total,1323995000.0
2017-03-31,T1,1.01,Caixa e Equivalentes de Caixa,20224000.0
2017-03-31,T1,1.02,Aplicações Financeiras,700436000.0
2017-03-31,T1,1.02.01,Aplicações Financeiras Avaliadas a Valor Justo,661588000.0
2017-03-31,T1,1.02.01.01,Títulos para Negociação,210187000.0
2017-03-31,T1,1.02.01.02,Títulos Disponíveis para Venda,88655000.0
2017-03-31,T1,1.02.01.03,Depósitos Compulsórios no Banco Central,84630000.0
2017-03-31,T1,1.02.01.04,Aplicaçãoes em Depósitos interfinanceiros,26541000.0
2017-03-31,T1,1.02.01.05,Aplicações no Mercado Aberto,249582000.0
2017-03-31,T1,1.02.01.06,Ativos Financeiros Designados a Valor Justo através do Resultado,1993000.0
2017-03-31,T1,1.02.02,Aplicações Financeiras Avaliadas ao Custo Amortizado,38848000.0
2017-03-31,T1,1.02.02.01,Títulos Mantidos até o Vencimento,38848000.0
2017-03-31,T1,1.03,Empréstimos e Recebíveis,0.0
2017-03-31,T1,1.04,Tributos Diferidos,41527000.0
2017-03-31,T1,1.04.01,Imposto de Renda e Contribuição Social Diferidos,34524000.0
2017-03-31,T1,1.04.02,Imposto de Renda e Contribuição Social Correntes,1755000.0
2017-03-31,T1,1.04.03,Outros,5248000.0
2017-03-31,T1,1.05,Outros Ativos,541700000.0
2017-03-31,T1,1.05.01,Ativos Não Correntes a Venda,0.0
2017-03-31,T1,1.05.02,Ativos de Operações Descontinuadas,0.0
2017-03-31,T1,1.05.03,Outros,541700000.0
2017-03-31,T1,1.05.03.01,Derivativos,22704000.0
2017-03-31,T1,1.05.03.02,"Operações de Crédito, Líquida",450033000.0
2017-03-31,T1,1.05.03.03,Outros Ativos Financeiros,49823000.0
2017-03-31,T1,1.05.03.04,Ágio,9573000.0
2017-03-31,T1,1.05.03.05,Outros Ativos,9567000.0
2017-03-31,T1,1.06,Investimentos,5073000.0
2017-03-31,T1,1.06.01,Participações em Coligadas,5073000.0
2017-03-31,T1,1.06.01.01,Investimentos em Empresas não Consolidadas,5073000.0
2017-03-31,T1,1.06.02,Outros,0.0
2017-03-31,T1,1.07,Imobilizado,7799000.0
2017-03-31,T1,1.07.01,Imobilizado de Uso,7799000.0
2017-03-31,T1,1.07.02,Imobilizado de Arrendamento,0.0
2017-03-31,T1,1.08,Intangível,7236000.0
2017-03-31,T1,1.08.01,Intangíveis,7236000.0
2017-03-31,T1,1.08.02,Goodwill,0.0
2017-06-30,T2,1,Ativo Total,1361222000.0
2017-06-30,T2,1.01,Caixa e Equivalentes de Caixa,22700000.0
2017-06-30,T2,1.02,Aplicações Financeiras,731653000.0
2017-06-30,T2,1.02.01,Aplicações Financeiras Avaliadas a Valor Justo,692561000.0
2017-06-30,T2,1.02.01.01,Títulos para Negociação,223211000.0
2017-06-30,T2,1.02.01.02,Títulos Disponíveis para Venda,89175000.0
2017-06-30,T2,1.02.01.03,Depósitos Compulsórios no Banco Central,88607000.0
2017-06-30,T2,1.02.01.04,Aplicaçãoes em Depósitos interfinanceiros,28715000.0
2017-06-30,T2,1.02.01.05,Aplicações no Mercado Aberto,261443000.0
2017-06-30,T2,1.02.01.06,Ativos Financeiros Designados a Valor Justo através do Resultado,1410000.0
2017-06-30,T2,1.02.02,Aplicações Financeiras Avaliadas ao Custo Amortizado,39092000.0
2017-06-30,T2,1.02.02.01,Títulos Mantidos até o Vencimento,39092000.0
2017-06-30,T2,1.03,Empréstimos e Recebíveis,0.0
2017-06-30,T2,1.04,Tributos Diferidos,42525000.0
2017-06-30,T2,1.04.01,Imposto de Renda e Contribuição Social Diferidos,35488000.0
2017-06-30,T2,1.04.02,Imposto de Renda e Contribuição Social Correntes,1612000.0
2017-06-30,T2,1.04.03,Outros,5425000.0
2017-06-30,T2,1.05,Outros Ativos,544390000.0
2017-06-30,T2,1.05.01,Ativos Não Correntes a Venda,0.0
2017-06-30,T2,1.05.02,Ativos de Operações Descontinuadas,0.0
2017-06-30,T2,1.05.03,Outros,544390000.0
2017-06-30,T2,1.05.03.01,Derivativos,19305000.0
2017-06-30,T2,1.05.03.02,"Operações de Crédito, Líquida",452209000.0
2017-06-30,T2,1.05.03.03,Outros Ativos Financeiros,52666000.0
2017-06-30,T2,1.05.03.04,Ágio,9834000.0
2017-06-30,T2,1.05.03.05,Outros Ativos,10376000.0
2017-06-30,T2,1.06,Investimentos,5029000.0
2017-06-30,T2,1.06.01,Participações em Coligadas,5029000.0
2017-06-30,T2,1.06.01.01,Investimentos em Empresas não Consolidadas,5029000.0
2017-06-30,T2,1.06.02,Outros,0.0
2017-06-30,T2,1.07,Imobilizado,7624000.0
2017-06-30,T2,1.07.01,Imobilizado de Uso,7624000.0
2017-06-30,T2,1.07.02,Imobilizado de Arrendamento,0.0
2017-06-30,T2,1.08,Intangível,7301000.0
2017-06-30,T2,1.08.01,Intangíveis,7301000.0
2017-06-30,T2,1.08.02,Goodwill,0.0
2017-09-30,T3,1,Ativo Total,1373518000.0
2017-09-30,T3,1.01,Caixa e Equivalentes de Caixa,19089000.0
2017-09-30,T3,1.02,Aplicações Financeiras,759068000.0
2017-09-30,T3,1.02.01,Aplicações Financeiras Avaliadas a Valor Justo,720470000.0
2017-09-30,T3,1.02.01.01,Títulos para Negociação,237951000.0
2017-09-30,T3,1.02.01.02,Títulos Disponíveis para Venda,95914000.0
2017-09-30,T3,1.02.01.03,Depósitos Compulsórios no Banco Central,94820000.0
2017-09-30,T3,1.02.01.04,Aplicaçãoes em Depósitos interfinanceiros,28235000.0
2017-09-30,T3,1.02.01.05,Aplicações no Mercado Aberto,261848000.0
2017-09-30,T3,1.02.01.06,Ativos Financeiros Designados a Valor Justo através do Resultado,1702000.0
2017-09-30,T3,1.02.02,Aplicações Financeiras Avaliadas ao Custo Amortizado,38598000.0
2017-09-30,T3,1.02.02.01,Títulos Mantidos até o Vencimento,38598000.0
2017-09-30,T3,1.03,Empréstimos e Recebíveis,0.0
2017-09-30,T3,1.04,Tributos Diferidos,39221000.0
2017-09-30,T3,1.04.01,Imposto de Renda e Contribuição Social Diferidos,32064000.0
2017-09-30,T3,1.04.02,Imposto de Renda e Contribuição Social Correntes,1504000.0
2017-09-30,T3,1.04.03,Outros,5653000.0
2017-09-30,T3,1.05,Outros Ativos,535986000.0
2017-09-30,T3,1.05.01,Ativos Não Correntes a Venda,0.0
2017-09-30,T3,1.05.02,Ativos de Operações Descontinuadas,0.0
2017-09-30,T3,1.05.03,Outros,535986000.0
2017-09-30,T3,1.05.03.01,Derivativos,19769000.0
2017-09-30,T3,1.05.03.02,"Operações de Crédito, Líquida",440687000.0
2017-09-30,T3,1.05.03.03,Outros Ativos Financeiros,56177000.0
2017-09-30,T3,1.05.03.04,Ágio,9937000.0
2017-09-30,T3,1.05.03.05,Outros Ativos,9416000.0
2017-09-30,T3,1.06,Investimentos,5092000.0
2017-09-30,T3,1.06.01,Participações em Coligadas,5092000.0
2017-09-30,T3,1.06.01.01,Investimentos em Empresas não Consolidadas,5092000.0
2017-09-30,T3,1.06.02,Outros,0.0
2017-09-30,T3,1.07,Imobilizado,7421000.0
2017-09-30,T3,1.07.01,Imobilizado de Uso,7421000.0
2017-09-30,T3,1.07.02,Imobilizado de Arrendamento,0.0
2017-09-30,T3,1.08,Intangível,7641000.0
2017-09-30,T3,1.08.01,Intangíveis,7641000.0
2017-09-30,T3,1.08.02,Goodwill,0.0
2018-03-31,T1,1,Ativo Total,1441407000.0
2018-03-31,T1,1.01,Caixa e Equivalentes de Caixa,25444000.0
2018-03-31,T1,1.02,Aplicações Financeiras,775123000.0
2018-03-31,T1,1.02.01,Aplicações Financeiras Avaliadas a Valor Justo,682770000.0
2018-03-31,T1,1.02.01.01,Títulos para Negociação,60283000.0
2018-03-31,T1,1.02.01.02,Títulos Disponíveis para Venda,0.0
2018-03-31,T1,1.02.01.03,Depósitos Compulsórios no Banco Central,95991000.0
2018-03-31,T1,1.02.01.04,Aplicaçãoes em Depósitos interfinanceiros,24566000.0
2018-03-31,T1,1.02.01.05,Aplicações no Mercado Aberto,241517000.0
2018-03-31,T1,1.02.01.06,Ativos Financeiros Designados a Valor Justo através do Resultado,260413000.0
2018-03-31,T1,1.02.02,Aplicações Financeiras Avaliadas ao Custo Amortizado,92353000.0
2018-03-31,T1,1.02.02.01,Títulos Mantidos até o Vencimento,92353000.0
2018-03-31,T1,1.03,Empréstimos e Recebíveis,0.0
2018-03-31,T1,1.04,Tributos Diferidos,40752000.0
2018-03-31,T1,1.04.01,Imposto de Renda e Contribuição Social Diferidos,32166000.0
2018-03-31,T1,1.04.02,Imposto de Renda e Contribuição Social Correntes,2309000.0
2018-03-31,T1,1.04.03,Outros,6277000.0
2018-03-31,T1,1.05,Outros Ativos,579317000.0
2018-03-31,T1,1.05.01,Ativos Não Correntes a Venda,0.0
2018-03-31,T1,1.05.02,Ativos de Operações Descontinuadas,0.0
2018-03-31,T1,1.05.03,Outros,579317000.0
2018-03-31,T1,1.05.03.01,Derivativos,30404000.0
2018-03-31,T1,1.05.03.02,"Operações de Crédito, Líquida",463680000.0
2018-03-31,T1,1.05.03.03,Outros Ativos Financeiros,62740000.0
2018-03-31,T1,1.05.03.04,Ágio,10870000.0
2018-03-31,T1,1.05.03.05,Outros Ativos,11623000.0
2018-03-31,T1,1.06,Investimentos,5124000.0
2018-03-31,T1,1.06.01,Participações em Coligadas,5124000.0
2018-03-31,T1,1.06.01.01,Investimentos em Empresas não Consolidadas,5124000.0
2018-03-31,T1,1.06.02,Outros,0.0
2018-03-31,T1,1.07,Imobilizado,7172000.0
2018-03-31,T1,1.07.01,Imobilizado de Uso,7172000.0
2018-03-31,T1,1.07.02,Imobilizado de Arrendamento,0.0
2018-03-31,T1,1.08,Intangível,8475000.0
2018-03-31,T1,1.08.01,Intangíveis,8475000.0
2018-03-31,T1,1.08.02,Goodwill,0.0
2018-06-30,T2,1,Ativo Total,1469095000.0
2018-06-30,T2,1.01,Caixa e Equivalentes de Caixa,25402000.0
2018-06-30,T2,1.02,Ativos Financeiros,1354005000.0
2018-06-30,T2,1.02.01,Ativos Financeiros Avaliados a Valor Justo através do Resultado,364967000.0
2018-06-30,T2,1.02.01.01,Títulos para Negociação,0.0
2018-06-30,T2,1.02.01.02,Títulos Designados a Valor Justo,280167000.0
2018-06-30,T2,1.02.01.03,Depósitos Compulsórios no Banco Central,84800000.0
2018-06-30,T2,1.02.02,Ativos Financeiros Avaliados a Valor Justo através de Outros Resultados Abrangentes,52732000.0
2018-06-30,T2,1.02.03,Ativos Financeiros Avaliados ao Custo Amortizado,936306000.0
2018-06-30,T2,1.03,Tributos Diferidos,46975000.0
2018-06-30,T2,1.03.01,Imposto de Renda e Contribuição Social Correntes,2261000.0
2018-06-30,T2,1.03.02,Imposto de Renda e Contribuição Social Diferido,38542000.0
2018-06-30,T2,1.03.03,Outros,6172000.0
2018-06-30,T2,1.04,Outros Ativos,10505000.0
2018-06-30,T2,1.04.01,Ativos Não Correntes a Venda,0.0
2018-06-30,T2,1.04.02,Ativos de Operações Descontinuadas,0.0
2018-06-30,T2,1.04.03,Outros,10505000.0
2018-06-30,T2,1.05,Investimentos,5038000.0
2018-06-30,T2,1.05.01,Participações em Coligadas,0.0
2018-06-30,T2,1.05.02,Participações em Controladas em Conjunto,5038000.0
2018-06-30,T2,1.05.03,Propriedades para Investimento,0.0
2018-06-30,T2,1.06,Imobilizado,7102000.0
2018-06-30,T2,1.06.01,Imobilizado de Uso,7102000.0
2018-06-30,T2,1.06.02,Direito de Uso em Arrendamento,0.0
2018-06-30,T2,1.07,Intangível,20068000.0
2018-06-30,T2,1.07.01,Intangíveis,8656000.0
2018-06-30,T2,1.07.02,Goodwill,11412000.0
2018-09-30,T3,1,Ativo Total,1524489000.0
2018-09-30,T3,1.01,Caixa e Equivalentes de Caixa,29467000.0
2018-09-30,T3,1.02,Ativos Financeiros,1396078000.0
2018-09-30,T3,1.02.01,Ativos Financeiros Avaliados a Valor Justo através do Resultado,345295000.0
2018-09-30,T3,1.02.01.01,Títulos para Negociação,0.0
2018-09-30,T3,1.02.01.02,Títulos Designados a Valor Justo,259338000.0
2018-09-30,T3,1.02.01.03,Depósitos Compulsórios no Banco Central,85957000.0
2018-09-30,T3,1.02.02,Ativos Financeiros Avaliados a Valor Justo através de Outros Resultados Abrangentes,48793000.0
2018-09-30,T3,1.02.03,Ativos Financeiros Avaliados ao Custo Amortizado,1001990000.0
2018-09-30,T3,1.03,Tributos Diferidos,46822000.0
2018-09-30,T3,1.03.01,Imposto de Renda e Contribuição Social Correntes,1946000.0
2018-09-30,T3,1.03.02,Imposto de Renda e Contribuição Social Diferido,38265000.0
2018-09-30,T3,1.03.03,Outros,6611000.0
2018-09-30,T3,1.04,Outros Ativos,12729000.0
2018-09-30,T3,1.04.01,Ativos Não Correntes a Venda,0.0
2018-09-30,T3,1.04.02,Ativos de Operações Descontinuadas,0.0
2018-09-30,T3,1.04.03,Outros,12729000.0
2018-09-30,T3,1.05,Investimentos,11898000.0
2018-09-30,T3,1.05.01,Participações em Coligadas,0.0
2018-09-30,T3,1.05.02,Participações em Controladas em Conjunto,11898000.0
2018-09-30,T3,1.05.03,Propriedades para Investimento,0.0
2018-09-30,T3,1.05.04,Outros Investimentos,0.0
2018-09-30,T3,1.06,Imobilizado,7219000.0
2018-09-30,T3,1.06.01,Imobilizado de Uso,7219000.0
2018-09-30,T3,1.06.02,Direito de Uso em Arrendamento,0.0
2018-09-30,T3,1.07,Intangível,20276000.0
2018-09-30,T3,1.07.01,Intangíveis,8635000.0
2018-09-30,T3,1.07.02,Goodwill,11641000.0
2019-03-31,T1,1,Ativo Total,1545971000.0
2019-03-31,T1,1.01,Caixa e Equivalentes de Caixa,30376000.0
2019-03-31,T1,1.02,Ativos Financeiros,1419133000.0
2019-03-31,T1,1.02.01,Ativos Financeiros Avaliados a Valor Justo através do Resultado,377459000.0
2019-03-31,T1,1.02.01.01,Títulos para Negociação,0.0
2019-03-31,T1,1.02.01.02,Títulos Designados a Valor Justo,286181000.0
2019-03-31,T1,1.02.01.03,Depositos Compulsórios no Banco Central,91278000.0
2019-03-31,T1,1.02.02,Ativos Financeiros Avaliados a Valor Justo através de Outros Resultados Abrangentes,51611000.0
2019-03-31,T1,1.02.03,Ativos Financeiros Avaliados ao Custo Amortizado,990063000.0
2019-03-31,T1,1.03,Tributos Diferidos,41818000.0
2019-03-31,T1,1.03.01,Imposto de Renda e Contribuição Sociial Corrente,2938000.0
2019-03-31,T1,1.03.02,Imposto de Renda e Contribuião Social Diferidos,31505000.0
2019-03-31,T1,1.03.03,Outros,7375000.0
2019-03-31,T1,1.04,Outros Ativos,15648000.0
2019-03-31,T1,1.04.01,Ativos Não Correntes a Venda,0.0
2019-03-31,T1,1.04.02,Ativos de Operações Descontinuadas,0.0
2019-03-31,T1,1.04.03,Outros,15648000.0
2019-03-31,T1,1.05,Investimentos,12068000.0
2019-03-31,T1,1.05.01,Participações em Coligadas,0.0
2019-03-31,T1,1.05.02,Participações em Controladas em Conjunto,0.0
2019-03-31,T1,1.05.03,Propriedades para Investimento,0.0
2019-03-31,T1,1.05.04,Outros Investimentos,0.0
2019-03-31,T1,1.06,Imobilizado,7279000.0
2019-03-31,T1,1.06.01,Imobilizado de Uso,0.0
2019-03-31,T1,1.06.02,Direito de Uso em Arrendamento,0.0
2019-03-31,T1,1.07,Intangível,19649000.0
2019-03-31,T1,1.07.01,Intangíveis,0.0
2019-03-31,T1,1.07.02,Goodwill,0.0
2019-06-30,T2,1,Ativo Total,1566311000.0
2019-06-30,T2,1.01,Caixa e Equivalentes de Caixa,33242000.0
2019-06-30,T2,1.02,Ativos Financeiros,1438026000.0
2019-06-30,T2,1.02.01,Ativos Financeiros Avaliados a Valor Justo através do Resultado,373339000.0
2019-06-30,T2,1.02.01.01,Títulos para Negociação,0.0
2019-06-30,T2,1.02.01.02,Títulos Designados a Valor Justo,281488000.0
2019-06-30,T2,1.02.01.03,Depositos Compulsórios no Banco Central,91851000.0
2019-06-30,T2,1.02.02,Ativos Financeiros Avaliados a Valor Justo através de Outros Resultados Abrangentes,53781000.0
2019-06-30,T2,1.02.03,Ativos Financeiros Avaliados ao Custo Amortizado,1010906000.0
2019-06-30,T2,1.02.03.01,Aplicações em Depósitos Interfinanceiros,30090000.0
2019-06-30,T2,1.02.03.02,Aplicações no Mercado Aberto,257992000.0
2019-06-30,T2,1.02.03.03,Títulos e Valores Mobiliários,118346000.0
2019-06-30,T2,1.02.03.04,Operações de Crédito e Arrendamento Mercantil Financeiro,556358000.0
2019-06-30,T2,1.02.03.05,Outros Ativos Financeiros,79811000.0
2019-06-30,T2,1.02.03.06,(-) Provisão para Perda Esperada,-31691000.0
2019-06-30,T2,1.03,Tributos Diferidos,40379000.0
2019-06-30,T2,1.03.01,Imposto de Renda e Contribuição Social Corrente,2043000.0
2019-06-30,T2,1.03.02,Imposto de Renda e Contribuião Social Diferidos,31018000.0
2019-06-30,T2,1.03.03,Outros,7318000.0
2019-06-30,T2,1.04,Outros Ativos,15450000.0
2019-06-30,T2,1.04.01,Ativos Não Correntes a Venda,0.0
2019-06-30,T2,1.04.02,Ativos de Operações Descontinuadas,0.0
2019-06-30,T2,1.04.03,Outros,15450000.0
2019-06-30,T2,1.05,Investimentos,12318000.0
2019-06-30,T2,1.05.01,Participações em Coligadas,0.0
2019-06-30,T2,1.05.02,Participações em Controladas em Conjunto,0.0
2019-06-30,T2,1.05.03,Propriedades para Investimento,0.0
2019-06-30,T2,1.05.04,Outros Investimentos,0.0
2019-06-30,T2,1.06,Imobilizado,7246000.0
2019-06-30,T2,1.06.01,Imobilizado de Uso,0.0
2019-06-30,T2,1.06.02,Direito de Uso em Arrendamento,0.0
2019-06-30,T2,1.07,Intangível,19650000.0
2019-06-30,T2,1.07.01,Intangíveis,0.0
2019-06-30,T2,1.07.02,Goodwill,0.0
2019-09-30,T3,1,Ativo Total,1613947000.0
2019-09-30,T3,1.01,Caixa e Equivalentes de Caixa,27721000.0
2019-09-30,T3,1.02,Ativos Financeiros,1486269000.0
2019-09-30,T3,1.02.01,Ativos Financeiros Avaliados a Valor Justo através do Resultado,310029000.0
2019-09-30,T3,1.02.01.01,Títulos para Negociação,0.0
2019-09-30,T3,1.02.01.02,Títulos Designados a Valor Justo,0.0
2019-09-30,T3,1.02.01.04,Títulos e Valores Mobiliários,269066000.0
2019-09-30,T3,1.02.01.05,Derivativos,40963000.0
2019-09-30,T3,1.02.02,Ativos Financeiros Avaliados a Valor Justo através de Outros Resultados Abrangentes,58688000.0
2019-09-30,T3,1.02.03,Ativos Financeiros Avaliados ao Custo Amortizado,1117552000.0
2019-09-30,T3,1.02.03.01,Aplicações em Depósitos Interfinanceiros,31716000.0
2019-09-30,T3,1.02.03.02,Aplicações no Mercado Aberto,243003000.0
2019-09-30,T3,1.02.03.03,Títulos e Valores Mobiliários,126887000.0
2019-09-30,T3,1.02.03.04,Operações de Crédito e Arrendamento Mercantil Financeiro,579208000.0
2019-09-30,T3,1.02.03.05,Outros Ativos Financeiros,82937000.0
2019-09-30,T3,1.02.03.06,(-) Provisão para Perda Esperada,-33332000.0
2019-09-30,T3,1.02.03.07,Depositos Compulsórios no Banco Central,87133000.0
2019-09-30,T3,1.03,Tributos Diferidos,45331000.0
2019-09-30,T3,1.03.01,Imposto de Renda e Contribuição Social - Correntes,1910000.0
2019-09-30,T3,1.03.02,Imposto de Renda e Contribuição Social - Diferido,35693000.0
2019-09-30,T3,1.03.03,Outros,7728000.0
2019-09-30,T3,1.04,Outros Ativos,14944000.0
2019-09-30,T3,1.04.01,Ativos Não Correntes a Venda,0.0
2019-09-30,T3,1.04.02,Ativos de Operações Descontinuadas,0.0
2019-09-30,T3,1.04.03,Outros,14944000.0
2019-09-30,T3,1.05,Investimentos,12633000.0
2019-09-30,T3,1.05.01,Participações em Coligadas,0.0
2019-09-30,T3,1.05.02,Participações em Controladas em Conjunto,0.0
2019-09-30,T3,1.05.03,Propriedades para Investimento,0.0
2019-09-30,T3,1.05.04,Outros Investimentos,0.0
2019-09-30,T3,1.06,Imobilizado,7223000.0
2019-09-30,T3,1.06.01,Imobilizado de Uso,0.0
2019-09-30,T3,1.06.02,Direito de Uso em Arrendamento,0.0
2019-09-30,T3,1.07,Intangível,19826000.0
2019-09-30,T3,1.07.01,Intangíveis,0.0
2019-09-30,T3,1.07.02,Goodwill,0.0
2020-03-31,T1,1,Ativo Total,1848102000.0
2020-03-31,T1,1.01,Caixa e Equivalentes de Caixa,38275000.0
2020-03-31,T1,1.02,Ativos Financeiros,1681710000.0
2020-03-31,T1,1.02.01,Ativos Financeiros Avaliados a Valor Justo através do Resultado,370908000.0
2020-03-31,T1,1.02.01.01,Títulos para Negociação,0.0
2020-03-31,T1,1.02.01.02,Títulos Designados a Valor Justo,0.0
2020-03-31,T1,1.02.01.03,Títulos e Valores Mobiliários,289123000.0
2020-03-31,T1,1.02.01.04,Derivativos,81785000.0
2020-03-31,T1,1.02.02,Ativos Financeiros Avaliados a Valor Justo através de Outros Resultados Abrangentes,83936000.0
2020-03-31,T1,1.02.03,Ativos Financeiros Avaliados ao Custo Amortizado,1226866000.0
2020-03-31,T1,1.02.03.01,Aplicações em Depósitos Interfinanceiros,50960000.0
2020-03-31,T1,1.02.03.02,Aplicações no Mercado Aberto,265409000.0
2020-03-31,T1,1.02.03.03,Títulos e Valores Mobiliários,139343000.0
2020-03-31,T1,1.02.03.04,Operações de Crédito e Arrendamento Mercantil Financeiro,642065000.0
2020-03-31,T1,1.02.03.05,Outros Ativos Financeiros,104064000.0
2020-03-31,T1,1.02.03.06,(-) Provisão para Perda Esperada,-42747000.0
2020-03-31,T1,1.02.03.07,Depósitos Compulsórios no Banco Central do Brasil,67772000.0
2020-03-31,T1,1.03,Tributos Diferidos,65977000.0
2020-03-31,T1,1.03.01,Imposto de Renda e Contribuição Social - Correntes,4749000.0
2020-03-31,T1,1.03.02,Imposto de Renda e Contribuição Social - Diferido,56100000.0
2020-03-31,T1,1.03.03,Outros,5128000.0
2020-03-31,T1,1.04,Outros Ativos,18733000.0
2020-03-31,T1,1.04.01,Ativos Não Correntes a Venda,0.0
2020-03-31,T1,1.04.02,Ativos de Operações Descontinuadas,0.0
2020-03-31,T1,1.04.03,Outros,18733000.0
2020-03-31,T1,1.05,Investimentos,15277000.0
2020-03-31,T1,1.05.01,Participações em Coligadas,0.0
2020-03-31,T1,1.05.02,Participações em Controladas em Conjunto,0.0
2020-03-31,T1,1.05.03,Propriedades para Investimento,0.0
2020-03-31,T1,1.05.04,Outros Investimentos,0.0
2020-03-31,T1,1.06,Imobilizado,6766000.0
2020-03-31,T1,1.06.01,Imobilizado de Uso,0.0
2020-03-31,T1,1.06.02,Direito de Uso em Arrendamento,0.0
2020-03-31,T1,1.07,Intangível,21364000.0
2020-03-31,T1,1.07.01,Intangíveis,0.0
2020-03-31,T1,1.07.02,Goodwill,0.0
2020-06-30,T2,1,Ativo Total,1954009000.0
2020-06-30,T2,1.01,Caixa e Equivalentes de Caixa,43368000.0
2020-06-30,T2,1.02,Ativos Financeiros,1785757000.0
2020-06-30,T2,1.02.01,Ativos Financeiros Avaliados a Valor Justo através do Resultado,391150000.0
2020-06-30,T2,1.02.01.01,Títulos para Negociação,0.0
2020-06-30,T2,1.02.01.02,Títulos Designados a Valor Justo,0.0
2020-06-30,T2,1.02.01.03,Títulos e Valores Mobiliários,306981000.0
2020-06-30,T2,1.02.01.04,Derivativos,84169000.0
2020-06-30,T2,1.02.02,Ativos Financeiros Avaliados a Valor Justo através de Outros Resultados Abrangentes,106279000.0
2020-06-30,T2,1.02.03,Ativos Financeiros Avaliados ao Custo Amortizado,1288328000.0
2020-06-30,T2,1.02.03.01,Aplicações em Depósitos Interfinanceiros,55892000.0
2020-06-30,T2,1.02.03.02,Aplicações no Mercado Aberto,302856000.0
2020-06-30,T2,1.02.03.03,Títulos e Valores Mobiliários,137118000.0
2020-06-30,T2,1.02.03.04,Operações de Crédito e Arrendamento Mercantil Financeiro,660684000.0
2020-06-30,T2,1.02.03.05,Outros Ativos Financeiros,86565000.0
2020-06-30,T2,1.02.03.06,(-) Provisão para Perda Esperada,-44531000.0
2020-06-30,T2,1.02.03.07,Depósitos Compulsórios no Banco Central do Brasil,89744000.0
2020-06-30,T2,1.03,Tributos Diferidos,70253000.0
2020-06-30,T2,1.03.01,Imposto de Renda e Contribuição Social - A Compensar,4657000.0
2020-06-30,T2,1.03.02,Imposto de Renda e Contribuição Social - Diferido,60430000.0
2020-06-30,T2,1.03.03,Outros,5166000.0
2020-06-30,T2,1.04,Outros Ativos,16004000.0
2020-06-30,T2,1.04.01,Ativos Não Correntes a Venda,0.0
2020-06-30,T2,1.04.02,Ativos de Operações Descontinuadas,0.0
2020-06-30,T2,1.04.03,Outros,16004000.0
2020-06-30,T2,1.05,Investimentos,15152000.0
2020-06-30,T2,1.05.01,Participações em Coligadas,0.0
2020-06-30,T2,1.05.02,Participações em Controladas em Conjunto,0.0
2020-06-30,T2,1.05.03,Propriedades para Investimento,0.0
2020-06-30,T2,1.05.04,Outros Investimentos,0.0
2020-06-30,T2,1.06,Imobilizado,6813000.0
2020-06-30,T2,1.06.01,Imobilizado de Uso,0.0
2020-06-30,T2,1.06.02,Direito de Uso em Arrendamento,0.0
2020-06-30,T2,1.07,Intangível,16662000.0
2020-06-30,T2,1.07.01,Intangíveis,0.0
2020-06-30,T2,1.07.02,Goodwill,0.0
2020-09-30,T3,1,Ativo Total,1998284000.0
2020-09-30,T3,1.01,Caixa e Equivalentes de Caixa,47069000.0
2020-09-30,T3,1.02,Ativos Financeiros,1822045000.0
2020-09-30,T3,1.02.01,Ativos Financeiros Avaliados a Valor Justo através do Resultado,392317000.0
2020-09-30,T3,1.02.01.01,Títulos para Negociação,0.0
2020-09-30,T3,1.02.01.02,Títulos Designados a Valor Justo,0.0
2020-09-30,T3,1.02.01.03,Títulos e Valores Mobiliários,316175000.0
2020-09-30,T3,1.02.01.04,Derivativos,76142000.0
2020-09-30,T3,1.02.02,Ativos Financeiros Avaliados a Valor Justo através de Outros Resultados Abrangentes,93691000.0
2020-09-30,T3,1.02.02.01,Títulos e Valores Mobiliários,93691000.0
2020-09-30,T3,1.02.03,Ativos Financeiros Avaliados ao Custo Amortizado,1336037000.0
2020-09-30,T3,1.02.03.01,Aplicações em Depósitos Interfinanceiros,61918000.0
2020-09-30,T3,1.02.03.02,Aplicações no Mercado Aberto,319049000.0
2020-09-30,T3,1.02.03.03,Títulos e Valores Mobiliários,132231000.0
2020-09-30,T3,1.02.03.04,Operações de Crédito e Arrendamento Mercantil Financeiro,692508000.0
2020-09-30,T3,1.02.03.05,Outros Ativos Financeiros,89079000.0
2020-09-30,T3,1.02.03.06,(-) Provisão para Perda Esperada,-46702000.0
2020-09-30,T3,1.02.03.07,Depósitos Compulsórios no Banco Central do Brasil,87954000.0
2020-09-30,T3,1.03,Tributos Diferidos,72471000.0
2020-09-30,T3,1.03.01,Imposto de Renda e Contribuição Social - A Compensar,4692000.0
2020-09-30,T3,1.03.02,Imposto de Renda e Contribuição Social - Diferido,62455000.0
2020-09-30,T3,1.03.03,Outros,5324000.0
2020-09-30,T3,1.04,Outros Ativos,17006000.0
2020-09-30,T3,1.04.01,Ativos Não Correntes a Venda,0.0
2020-09-30,T3,1.04.02,Ativos de Operações Descontinuadas,0.0
2020-09-30,T3,1.04.03,Outros,17006000.0
2020-09-30,T3,1.05,Investimentos,15576000.0
2020-09-30,T3,1.05.01,Participações em Coligadas,0.0
2020-09-30,T3,1.05.02,Participações em Controladas em Conjunto,0.0
2020-09-30,T3,1.05.03,Propriedades para Investimento,0.0
2020-09-30,T3,1.05.04,Outros Investimentos,0.0
2020-09-30,T3,1.06,Imobilizado,6842000.0
2020-09-30,T3,1.06.01,Imobilizado de Uso,0.0
2020-09-30,T3,1.06.02,Direito de Uso em Arrendamento,0.0
2020-09-30,T3,1.07,Intangível,17275000.0
2020-09-30,T3,1.07.01,Intangíveis,0.0
2020-09-30,T3,1.07.02,Goodwill,0.0
2021-03-31,T1,1,Ativo Total,2023217000.0
2021-03-31,T1,1.01,Caixa e Equivalentes de Caixa,39369000.0
2021-03-31,T1,1.02,Ativos Financeiros,1859873000.0
2021-03-31,T1,1.02.01,Ativos Financeiros Avaliados a Valor Justo através do Resultado,489476000.0
2021-03-31,T1,1.02.01.01,Títulos para Negociação,0.0
2021-03-31,T1,1.02.01.02,Títulos Designados a Valor Justo,0.0
2021-03-31,T1,1.02.01.03,Depositos Compulsórios no Banco Central,0.0
2021-03-31,T1,1.02.01.04,Títulos e Valores Mobiliários,414238000.0
2021-03-31,T1,1.02.01.05,Derivativos,75226000.0
2021-03-31,T1,1.02.01.06,Outros Ativos Financeiros,12000.0
2021-03-31,T1,1.02.02,Ativos Financeiros Avaliados a Valor Justo através de Outros Resultados Abrangentes,101796000.0
2021-03-31,T1,1.02.03,Ativos Financeiros Avaliados ao Custo Amortizado,1268601000.0
2021-03-31,T1,1.02.03.01,Aplicações em Depósitos Interfinanceiros,73291000.0
2021-03-31,T1,1.02.03.02,Aplicações no Mercado Aberto,180690000.0
2021-03-31,T1,1.02.03.03,Títulos e Valores Mobiliários,135477000.0
2021-03-31,T1,1.02.03.04,Operações de Crédito e Arrendamento Mercantil Financeiro,742123000.0
2021-03-31,T1,1.02.03.05,Outros Ativos Financeiros,91293000.0
2021-03-31,T1,1.02.03.06,(-) Provisão para Perda Esperada,-45590000.0
2021-03-31,T1,1.02.03.07,Depositos Compulsórios no Banco Central do Brasil,91317000.0
2021-03-31,T1,1.03,Tributos Diferidos,66407000.0
2021-03-31,T1,1.03.01,Imposto de Renda e Contribuição Social - A Compensar,3603000.0
2021-03-31,T1,1.03.02,Imposto de Renda e Contribuição Social - Diferido,57837000.0
2021-03-31,T1,1.03.03,Outros,4967000.0
2021-03-31,T1,1.04,Outros Ativos,16781000.0
2021-03-31,T1,1.04.01,Ativos Não Correntes a Venda,0.0
2021-03-31,T1,1.04.02,Ativos de Operações Descontinuadas,0.0
2021-03-31,T1,1.04.03,Outros,16781000.0
2021-03-31,T1,1.05,Investimentos,15831000.0
2021-03-31,T1,1.05.01,Participações em Coligadas,0.0
2021-03-31,T1,1.05.02,Participações em Controladas em Conjunto,0.0
2021-03-31,T1,1.05.03,Propriedades para Investimento,0.0
2021-03-31,T1,1.05.04,Outros Investimentos,0.0
2021-03-31,T1,1.06,Imobilizado,6897000.0
2021-03-31,T1,1.06.01,Imobilizado de Uso,0.0
2021-03-31,T1,1.06.02,Direito de Uso em Arrendamento,0.0
2021-03-31,T1,1.07,Intangível,18059000.0
2021-03-31,T1,1.07.01,Intangíveis,0.0
2021-03-31,T1,1.07.02,Goodwill,0.0
2021-06-30,T2,1,Ativo Total,1957245000.0
2021-06-30,T2,1.01,Caixa e Equivalentes de Caixa,39837000.0
2021-06-30,T2,1.02,Ativos Financeiros,1809295000.0
2021-06-30,T2,1.02.01,Ativos Financeiros Avaliados a Valor Justo através do Resultado,463606000.0
2021-06-30,T2,1.02.01.01,Títulos para Negociação,0.0
2021-06-30,T2,1.02.01.02,Títulos Designados a Valor Justo,0.0
2021-06-30,T2,1.02.01.03,Depositos Compulsórios no Banco Central,0.0
2021-06-30,T2,1.02.01.04,Títulos e Valores Mobiliários,391356000.0
2021-06-30,T2,1.02.01.05,Derivativos,72093000.0
2021-06-30,T2,1.02.01.06,Outros Ativos Financeiros,157000.0
2021-06-30,T2,1.02.02,Ativos Financeiros Avaliados a Valor Justo através de Outros Resultados Abrangentes,108817000.0
2021-06-30,T2,1.02.02.01,Títulos e Valores Mobiliários,108817000.0
2021-06-30,T2,1.02.03,Ativos Financeiros Avaliados ao Custo Amortizado,1236872000.0
2021-06-30,T2,1.02.03.01,Aplicações em Depósitos Interfinanceiros,56434000.0
2021-06-30,T2,1.02.03.02,Aplicações no Mercado Aberto,163414000.0
2021-06-30,T2,1.02.03.03,Títulos e Valores Mobiliários,140730000.0
2021-06-30,T2,1.02.03.04,Operações de Crédito e Arrendamento Mercantil Financeiro,728348000.0
2021-06-30,T2,1.02.03.05,Outros Ativos Financeiros,91124000.0
2021-06-30,T2,1.02.03.06,(-) Provisão para Perda Esperada,-41395000.0
2021-06-30,T2,1.02.03.07,Depositos Compulsórios no Banco Central do Brasil,98217000.0
2021-06-30,T2,1.03,Tributos Diferidos,60895000.0
2021-06-30,T2,1.03.01,Imposto de Renda e Contribuição Social - A Compensar,2266000.0
2021-06-30,T2,1.03.02,Imposto de Renda e Contribuição Social - Diferido,53635000.0
2021-06-30,T2,1.03.03,Outros,4994000.0
2021-06-30,T2,1.04,Outros Ativos,16873000.0
2021-06-30,T2,1.04.01,Ativos Não Correntes a Venda,0.0
2021-06-30,T2,1.04.02,Ativos de Operações Descontinuadas,0.0
2021-06-30,T2,1.04.03,Outros,16873000.0
2021-06-30,T2,1.05,Investimentos,6064000.0
2021-06-30,T2,1.05.01,Participações em Coligadas,0.0
2021-06-30,T2,1.05.02,Participações em Controladas em Conjunto,0.0
2021-06-30,T2,1.05.03,Propriedades para Investimento,0.0
2021-06-30,T2,1.05.04,Outros Investimentos,0.0
2021-06-30,T2,1.06,Imobilizado,6770000.0
2021-06-30,T2,1.06.01,Imobilizado de Uso,0.0
2021-06-30,T2,1.06.02,Direito de Uso em Arrendamento,0.0
2021-06-30,T2,1.07,Intangível,17511000.0
2021-06-30,T2,1.07.01,Intangíveis,0.0
2021-06-30,T2,1.07.02,Goodwill,0.0
2021-09-30,T3,1,Ativo Total,2043009000.0
2021-09-30,T3,1.01,Caixa e Equivalentes de Caixa,42222000.0
2021-09-30,T3,1.02,Ativos Financeiros,1888068000.0
2021-09-30,T3,1.02.01,Ativos Financeiros Avaliados a Valor Justo através do Resultado,465444000.0
2021-09-30,T3,1.02.01.01,Títulos para Negociação,0.0
2021-09-30,T3,1.02.01.02,Títulos Designados a Valor Justo,0.0
2021-09-30,T3,1.02.01.03,Depositos Compulsórios no Banco Central,0.0
2021-09-30,T3,1.02.01.04,Títulos e Valores Mobiliários,386685000.0
2021-09-30,T3,1.02.01.05,Derivativos,78644000.0
2021-09-30,T3,1.02.01.06,Outros Ativos Financeiros,115000.0
2021-09-30,T3,1.02.02,Ativos Financeiros Avaliados a Valor Justo através de Outros Resultados Abrangentes,112335000.0
2021-09-30,T3,1.02.02.01,Títulos e Valores Mobiliários,0.0
2021-09-30,T3,1.02.03,Ativos Financeiros Avaliados ao Custo Amortizado,1310289000.0
2021-09-30,T3,1.02.03.01,Aplicações em Depósitos Interfinanceiros,53225000.0
2021-09-30,T3,1.02.03.02,Aplicações no Mercado Aberto,190708000.0
2021-09-30,T3,1.02.03.03,Títulos e Valores Mobiliários,146086000.0
2021-09-30,T3,1.02.03.04,Operações de Crédito e Arrendamento Mercantil Financeiro,772064000.0
2021-09-30,T3,1.02.03.05,Outros Ativos Financeiros,88116000.0
2021-09-30,T3,1.02.03.06,(-) Provisão para Perda Esperada,-39251000.0
2021-09-30,T3,1.02.03.07,Depositos Compulsórios no Banco Central,99341000.0
2021-09-30,T3,1.03,Tributos Diferidos,61698000.0
2021-09-30,T3,1.03.01,Imposto de Renda e Contribuição Social - A Compensar,2807000.0
2021-09-30,T3,1.03.02,Imposto de Renda e Contribuição Social - Diferido,53670000.0
2021-09-30,T3,1.03.03,Outros,5221000.0
2021-09-30,T3,1.04,Outros Ativos,17212000.0
2021-09-30,T3,1.04.01,Ativos Não Correntes a Venda,0.0
2021-09-30,T3,1.04.02,Ativos de Operações Descontinuadas,0.0
2021-09-30,T3,1.04.03,Outros,17212000.0
2021-09-30,T3,1.05,Investimentos,6137000.0
2021-09-30,T3,1.05.01,Participações em Coligadas,0.0
2021-09-30,T3,1.05.02,Participações em Controladas em Conjunto,0.0
2021-09-30,T3,1.05.03,Propriedades para Investimento,0.0
2021-09-30,T3,1.05.04,Outros Investimentos,0.0
2021-09-30,T3,1.06,Imobilizado,6883000.0
2021-09-30,T3,1.06.01,Imobilizado de Uso,0.0
2021-09-30,T3,1.06.02,Direito de Uso em Arrendamento,0.0
2021-09-30,T3,1.07,Intangível,20789000.0
2021-09-30,T3,1.07.01,Intangíveis,0.0
2021-09-30,T3,1.07.02,Goodwill,0.0
2022-03-31,T1,1,Ativo Total,2069267000.0
2022-03-31,T1,1.01,Caixa e Equivalentes de Caixa,42722000.0
2022-03-31,T1,1.02,Ativos Financeiros,1917867000.0
2022-03-31,T1,1.02.01,Ativos Financeiros Avaliados a Valor Justo através do Resultado,455529000.0
2022-03-31,T1,1.02.01.01,Títulos para Negociação,0.0
2022-03-31,T1,1.02.01.02,Títulos Designados a Valor Justo,0.0
2022-03-31,T1,1.02.01.03,Depositos Compulsórios no Banco Central,0.0
2022-03-31,T1,1.02.01.04,Títulos e Valores Mobiliários,382743000.0
2022-03-31,T1,1.02.01.05,Derivativos,72506000.0
2022-03-31,T1,1.02.01.06,Outros Ativos Financeiros,280000.0
2022-03-31,T1,1.02.02,Ativos Financeiros Avaliados a Valor Justo através de Outros Resultados Abrangentes,77415000.0
2022-03-31,T1,1.02.02.01,Títulos e Valores Mobiliários,77415000.0
2022-03-31,T1,1.02.03,Ativos Financeiros Avaliados ao Custo Amortizado,1384923000.0
2022-03-31,T1,1.02.03.01,Aplicações em Depósitos Interfinanceiros,64315000.0
2022-03-31,T1,1.02.03.02,Aplicações no Mercado Aberto,170153000.0
2022-03-31,T1,1.02.03.03,Títulos e Valores Mobiliários,170239000.0
2022-03-31,T1,1.02.03.04,Operações de Crédito e Arrendamento Mercantil Financeiro,819153000.0
2022-03-31,T1,1.02.03.05,Outros Ativos Financeiros,92332000.0
2022-03-31,T1,1.02.03.06,(-) Provisão para Perda Esperada,-42664000.0
2022-03-31,T1,1.02.03.07,Depositos Compulsórios no Banco Central,101395000.0
2022-03-31,T1,1.02.03.08,Aplicações Voluntárias no Banco Central do Brasil,10000000.0
2022-03-31,T1,1.03,Tributos Diferidos,57897000.0
2022-03-31,T1,1.03.01,Imposto de Renda e Contribuição Social - A Compensar,2052000.0
2022-03-31,T1,1.03.02,Imposto de Renda e Contribuição Social - Diferido,50968000.0
2022-03-31,T1,1.03.03,Outros,4877000.0
2022-03-31,T1,1.04,Outros Ativos,16023000.0
2022-03-31,T1,1.04.01,Ativos Não Correntes a Venda,0.0
2022-03-31,T1,1.04.02,Ativos de Operações Descontinuadas,0.0
2022-03-31,T1,1.04.03,Outros,16023000.0
2022-03-31,T1,1.05,Investimentos,6707000.0
2022-03-31,T1,1.05.01,Participações em Coligadas,0.0
2022-03-31,T1,1.05.02,Participações em Controladas em Conjunto,0.0
2022-03-31,T1,1.05.03,Propriedades para Investimento,0.0
2022-03-31,T1,1.05.04,Outros Investimentos,0.0
2022-03-31,T1,1.06,Imobilizado,6890000.0
2022-03-31,T1,1.06.01,Imobilizado de Uso,0.0
2022-03-31,T1,1.06.02,Direito de Uso em Arrendamento,0.0
2022-03-31,T1,1.07,Intangível,21161000.0
2022-03-31,T1,1.07.01,Intangíveis,0.0
2022-03-31,T1,1.07.02,Goodwill,0.0
2022-06-30,T2,1,Ativo Total,2165608000.0
2022-06-30,T2,1.01,Caixa e Equivalentes de Caixa,33839000.0
2022-06-30,T2,1.02,Ativos Financeiros,2017644000.0
2022-06-30,T2,1.02.01,Ativos Financeiros Avaliados a Valor Justo através do Resultado,454173000.0
2022-06-30,T2,1.02.01.01,Títulos para Negociação,0.0
2022-06-30,T2,1.02.01.02,Títulos Designados a Valor Justo,0.0
2022-06-30,T2,1.02.01.03,Depositos Compulsórios no Banco Central,0.0
2022-06-30,T2,1.02.01.04,Títulos e Valores Mobiliários,375021000.0
2022-06-30,T2,1.02.01.05,Derivativos,78660000.0
2022-06-30,T2,1.02.01.06,Outros Ativos Financeiros,492000.0
2022-06-30,T2,1.02.02,Ativos Financeiros Avaliados a Valor Justo através de Outros Resultados Abrangentes,108657000.0
2022-06-30,T2,1.02.02.01,Títulos e Valores Mobiliários,108657000.0
2022-06-30,T2,1.02.03,Ativos Financeiros Avaliados ao Custo Amortizado,1454814000.0
2022-06-30,T2,1.02.03.01,Aplicações em Depósitos Interfinanceiros,52131000.0
2022-06-30,T2,1.02.03.02,Aplicações no Mercado Aberto,172856000.0
2022-06-30,T2,1.02.03.03,Títulos e Valores Mobiliários,196798000.0
2022-06-30,T2,1.02.03.04,Operações de Crédito e Arrendamento Mercantil Financeiro,862528000.0
2022-06-30,T2,1.02.03.05,Outros Ativos Financeiros,97728000.0
2022-06-30,T2,1.02.03.06,(-) Provisão para Perda Esperada,-45378000.0
2022-06-30,T2,1.02.03.07,Depositos Compulsórios no Banco Central,105151000.0
2022-06-30,T2,1.02.03.08,Aplicações Voluntárias no Banco Central do Brasil,13000000.0
2022-06-30,T2,1.03,Tributos Diferidos,59582000.0
2022-06-30,T2,1.03.01,Imposto de Renda e Contribuição Social - A Compensar,2164000.0
2022-06-30,T2,1.03.02,Imposto de Renda e Contribuição Social - Diferido,52141000.0
2022-06-30,T2,1.03.03,Outros,5277000.0
2022-06-30,T2,1.04,Outros Ativos,18714000.0
2022-06-30,T2,1.04.01,Ativos Não Correntes a Venda,0.0
2022-06-30,T2,1.04.02,Ativos de Operações Descontinuadas,0.0
2022-06-30,T2,1.04.03,Outros,18714000.0
2022-06-30,T2,1.05,Investimentos,6955000.0
2022-06-30,T2,1.05.01,Participações em Coligadas,0.0
2022-06-30,T2,1.05.02,Participações em Controladas em Conjunto,0.0
2022-06-30,T2,1.05.03,Propriedades para Investimento,0.0
2022-06-30,T2,1.05.04,Outros Investimentos,0.0
2022-06-30,T2,1.06,Imobilizado,7118000.0
2022-06-30,T2,1.06.01,Imobilizado de Uso,0.0
2022-06-30,T2,1.06.02,Direito de Uso em Arrendamento,0.0
2022-06-30,T2,1.07,Intangível,21756000.0
2022-06-30,T2,1.07.01,Intangíveis,0.0
2022-06-30,T2,1.07.02,Goodwill,0.0
2022-09-30,T3,1,Ativo Total,2283335000.0
2022-09-30,T3,1.01,Caixa e Equivalentes de Caixa,35402000.0
2022-09-30,T3,1.02,Ativos Financeiros,2133739000.0
2022-09-30,T3,1.02.01,Ativos Financeiros Avaliados a Valor Justo através do Resultado,446265000.0
2022-09-30,T3,1.02.01.01,Títulos para Negociação,0.0
2022-09-30,T3,1.02.01.02,Títulos Designados a Valor Justo,0.0
2022-09-30,T3,1.02.01.03,Depositos Compulsórios no Banco Central,0.0
2022-09-30,T3,1.02.01.04,Títulos e Valores Mobiliários,366882000.0
2022-09-30,T3,1.02.01.05,Derivativos,78141000.0
2022-09-30,T3,1.02.01.06,Outros Ativos Financeiros,1242000.0
2022-09-30,T3,1.02.02,Ativos Financeiros Avaliados a Valor Justo através de Outros Resultados Abrangentes,100132000.0
2022-09-30,T3,1.02.02.01,Títulos e Valores Mobiliários,100132000.0
2022-09-30,T3,1.02.03,Ativos Financeiros Avaliados ao Custo Amortizado,1587342000.0
2022-09-30,T3,1.02.03.01,Aplicações em Depósitos Interfinanceiros,45506000.0
2022-09-30,T3,1.02.03.02,Aplicações no Mercado Aberto,272047000.0
2022-09-30,T3,1.02.03.03,Títulos e Valores Mobiliários,207764000.0
2022-09-30,T3,1.02.03.04,Operações de Crédito e Arrendamento Mercantil Financeiro,883355000.0
2022-09-30,T3,1.02.03.05,Outros Ativos Financeiros,103039000.0
2022-09-30,T3,1.02.03.06,(-) Provisão para Perda Esperada,-47857000.0
2022-09-30,T3,1.02.03.07,Depositos Compulsórios no Banco Central,123488000.0
2022-09-30,T3,1.02.03.08,Aplicações Voluntárias no Banco Central do Brasil,0.0
2022-09-30,T3,1.03,Tributos Diferidos,59238000.0
2022-09-30,T3,1.03.01,Imposto de Renda e Contribuição Social - A Compensar,1111000.0
2022-09-30,T3,1.03.02,Imposto de Renda e Contribuição Social - Diferido,52611000.0
2022-09-30,T3,1.03.03,Outros,5516000.0
2022-09-30,T3,1.04,Outros Ativos,18555000.0
2022-09-30,T3,1.04.01,Ativos Não Correntes a Venda,0.0
2022-09-30,T3,1.04.02,Ativos de Operações Descontinuadas,0.0
2022-09-30,T3,1.04.03,Outros,18555000.0
2022-09-30,T3,1.05,Investimentos,6927000.0
2022-09-30,T3,1.05.01,Participações em Coligadas,0.0
2022-09-30,T3,1.05.02,Participações em Controladas em Conjunto,0.0
2022-09-30,T3,1.05.03,Propriedades para Investimento,0.0
2022-09-30,T3,1.05.04,Outros Investimentos,0.0
2022-09-30,T3,1.06,Imobilizado,7277000.0
2022-09-30,T3,1.06.01,Imobilizado de Uso,0.0
2022-09-30,T3,1.06.02,Direito de Uso em Arrendamento,0.0
2022-09-30,T3,1.07,Intangível,22197000.0
2022-09-30,T3,1.07.01,Intangíveis,0.0
2022-09-30,T3,1.07.02,Goodwill,0.0
2023-03-31,T1,1,Ativo Total,2388492000.0
2023-03-31,T1,1.01,Caixa e Equivalentes de Caixa,33007000.0
2023-03-31,T1,1.02,Ativos Financeiros,2234723000.0
2023-03-31,T1,1.02.01,Ativos Financeiros Avaliados a Valor Justo através do Resultado,482502000.0
2023-03-31,T1,1.02.01.01,Títulos para Negociação,0.0
2023-03-31,T1,1.02.01.02,Títulos Designados a Valor Justo,0.0
2023-03-31,T1,1.02.01.03,Depositos Compulsórios no Banco Central,0.0
2023-03-31,T1,1.02.01.04,Títulos e Valores Mobiliários,392500000.0
2023-03-31,T1,1.02.01.05,Derivativos,88374000.0
2023-03-31,T1,1.02.01.06,Outros Ativos Financeiros,1628000.0
2023-03-31,T1,1.02.02,Ativos Financeiros Avaliados a Valor Justo através de Outros Resultados Abrangentes,133797000.0
2023-03-31,T1,1.02.02.01,Títulos e Valores Mobiliários,133797000.0
2023-03-31,T1,1.02.03,Ativos Financeiros Avaliados ao Custo Amortizado,1618424000.0
2023-03-31,T1,1.02.03.01,Aplicações em Depósitos Interfinanceiros,55106000.0
2023-03-31,T1,1.02.03.02,Aplicações no Mercado Aberto,242027000.0
2023-03-31,T1,1.02.03.03,Títulos e Valores Mobiliários,221856000.0
2023-03-31,T1,1.02.03.04,Operações de Crédito e Arrendamento Mercantil Financeiro,916231000.0
2023-03-31,T1,1.02.03.05,Outros Ativos Financeiros,108657000.0
2023-03-31,T1,1.02.03.06,(-) Provisão para Perda Esperada,-51238000.0
2023-03-31,T1,1.02.03.07,Depositos Compulsórios no Banco Central,125785000.0
2023-03-31,T1,1.02.03.08,Aplicações Voluntárias no Banco Central do Brasil,0.0
2023-03-31,T1,1.03,Tributos Diferidos,60800000.0
2023-03-31,T1,1.03.01,Imposto de Renda e Contribuição Social - A Compensar,2481000.0
2023-03-31,T1,1.03.02,Imposto de Renda e Contribuição Social - Diferido,52568000.0
2023-03-31,T1,1.03.03,Outros,5751000.0
2023-03-31,T1,1.04,Outros Ativos,20502000.0
2023-03-31,T1,1.04.01,Ativos Não Correntes a Venda,0.0
2023-03-31,T1,1.04.02,Ativos de Operações Descontinuadas,0.0
2023-03-31,T1,1.04.03,Outros,20450000.0
2023-03-31,T1,1.04.04,Contratos de Seguro,52000.0
2023-03-31,T1,1.05,Investimentos,7590000.0
2023-03-31,T1,1.05.01,Participações em Coligadas,0.0
2023-03-31,T1,1.05.02,Participações em Controladas em Conjunto,0.0
2023-03-31,T1,1.05.03,Propriedades para Investimento,0.0
2023-03-31,T1,1.05.04,Outros Investimentos,0.0
2023-03-31,T1,1.06,Imobilizado,7864000.0
2023-03-31,T1,1.06.01,Imobilizado de Uso,0.0
2023-03-31,T1,1.06.02,Direito de Uso em Arrendamento,0.0
2023-03-31,T1,1.07,Intangível,24006000.0
2023-03-31,T1,1.07.01,Intangíveis,0.0
2023-03-31,T1,1.07.02,Goodwill,0.0
2023-06-30,T2,1,Ativo Total,2434208000.0
2023-06-30,T2,1.01,Caixa e Equivalentes de Caixa,30636000.0
2023-06-30,T2,1.02,Ativos Financeiros,2281671000.0
2023-06-30,T2,1.02.01,Ativos Financeiros Avaliados a Valor Justo através do Resultado,541074000.0
2023-06-30,T2,1.02.01.01,Títulos para Negociação,0.0
2023-06-30,T2,1.02.01.02,Títulos Designados a Valor Justo,0.0
2023-06-30,T2,1.02.01.03,Depositos Compulsórios no Banco Central,0.0
2023-06-30,T2,1.02.01.04,Títulos e Valores Mobiliários,466567000.0
2023-06-30,T2,1.02.01.05,Derivativos,72845000.0
2023-06-30,T2,1.02.01.06,Outros Ativos Financeiros,1662000.0
2023-06-30,T2,1.02.02,Ativos Financeiros Avaliados a Valor Justo através de Outros Resultados Abrangentes,134347000.0
2023-06-30,T2,1.02.02.01,Títulos e Valores Mobiliários,134347000.0
2023-06-30,T2,1.02.03,Ativos Financeiros Avaliados ao Custo Amortizado,1606250000.0
2023-06-30,T2,1.02.03.01,Aplicações em Depósitos Interfinanceiros,53326000.0
2023-06-30,T2,1.02.03.02,Aplicações no Mercado Aberto,216959000.0
2023-06-30,T2,1.02.03.03,Títulos e Valores Mobiliários,236011000.0
2023-06-30,T2,1.02.03.04,Operações de Crédito e Arrendamento Mercantil Financeiro,901185000.0
2023-06-30,T2,1.02.03.05,Outros Ativos Financeiros,113957000.0
2023-06-30,T2,1.02.03.06,(-) Provisão para Perda Esperada,-51937000.0
2023-06-30,T2,1.02.03.07,Depositos Compulsórios no Banco Central,136749000.0
2023-06-30,T2,1.02.03.08,Aplicações Voluntárias no Banco Central do Brasil,0.0
2023-06-30,T2,1.03,Tributos Diferidos,62357000.0
2023-06-30,T2,1.03.01,Imposto de Renda e Contribuição Social - A Compensar,1242000.0
2023-06-30,T2,1.03.02,Imposto de Renda e Contribuição Social - Diferido,54044000.0
2023-06-30,T2,1.03.03,Outros,7071000.0
2023-06-30,T2,1.04,Outros Ativos,19805000.0
2023-06-30,T2,1.04.01,Ativos Não Correntes a Venda,0.0
2023-06-30,T2,1.04.02,Ativos de Operações Descontinuadas,0.0
2023-06-30,T2,1.04.03,Outros,19719000.0
2023-06-30,T2,1.04.04,Contratos de Seguro,86000.0
2023-06-30,T2,1.05,Investimentos,7880000.0
2023-06-30,T2,1.05.01,Participações em Coligadas,0.0
2023-06-30,T2,1.05.02,Participações em Controladas em Conjunto,0.0
2023-06-30,T2,1.05.03,Propriedades para Investimento,0.0
2023-06-30,T2,1.05.04,Outros Investimentos,0.0
2023-06-30,T2,1.06,Imobilizado,7938000.0
2023-06-30,T2,1.06.01,Imobilizado de Uso,0.0
2023-06-30,T2,1.06.02,Direito de Uso em Arrendamento,0.0
2023-06-30,T2,1.07,Intangível,23921000.0
2023-06-30,T2,1.07.01,Intangíveis,0.0
2023-06-30,T2,1.07.02,Goodwill,0.0
2023-09-30,T3,1,Ativo Total,2509117000.0
2023-09-30,T3,1.01,Caixa e Equivalentes de Caixa,33672000.0
2023-09-30,T3,1.02,Ativos Financeiros,2350062000.0
2023-09-30,T3,1.02.01,Ativos Financeiros Avaliados a Valor Justo através do Resultado,524734000.0
2023-09-30,T3,1.02.01.01,Títulos para Negociação,0.0
2023-09-30,T3,1.02.01.02,Títulos Designados a Valor Justo,0.0
2023-09-30,T3,1.02.01.03,Depositos Compulsórios no Banco Central,0.0
2023-09-30,T3,1.02.01.04,Títulos e Valores Mobiliários,454638000.0
2023-09-30,T3,1.02.01.05,Derivativos,68481000.0
2023-09-30,T3,1.02.01.06,Outros Ativos Financeiros,1615000.0
2023-09-30,T3,1.02.02,Ativos Financeiros Avaliados a Valor Justo através de Outros Resultados Abrangentes,140422000.0
2023-09-30,T3,1.02.02.01,Títulos e Valores Mobiliários,140422000.0
2023-09-30,T3,1.02.03,Ativos Financeiros Avaliados ao Custo Amortizado,1684906000.0
2023-09-30,T3,1.02.03.01,Aplicações em Depósitos Interfinanceiros,45931000.0
2023-09-30,T3,1.02.03.02,Aplicações no Mercado Aberto,269751000.0
2023-09-30,T3,1.02.03.03,Títulos e Valores Mobiliários,253515000.0
2023-09-30,T3,1.02.03.04,Operações de Crédito e Arrendamento Mercantil Financeiro,905804000.0
2023-09-30,T3,1.02.03.05,Outros Ativos Financeiros,115963000.0
2023-09-30,T3,1.02.03.06,(-) Provisão para Perda Esperada,-52197000.0
2023-09-30,T3,1.02.03.07,Depositos Compulsórios no Banco Central,146139000.0
2023-09-30,T3,1.02.03.08,Aplicações Voluntárias no Banco Central do Brasil,0.0
2023-09-30,T3,1.03,Tributos Diferidos,65050000.0
2023-09-30,T3,1.03.01,Imposto de Renda e Contribuição Social - A Compensar,1253000.0
2023-09-30,T3,1.03.02,Imposto de Renda e Contribuição Social - Diferido,55731000.0
2023-09-30,T3,1.03.03,Outros,8066000.0
2023-09-30,T3,1.04,Outros Ativos,20561000.0
2023-09-30,T3,1.04.01,Ativos Não Correntes a Venda,0.0
2023-09-30,T3,1.04.02,Ativos de Operações Descontinuadas,0.0
2023-09-30,T3,1.04.03,Outros,20465000.0
2023-09-30,T3,1.04.04,Contratos de Seguro,96000.0
2023-09-30,T3,1.05,Investimentos,8807000.0
2023-09-30,T3,1.05.01,Participações em Coligadas,0.0
2023-09-30,T3,1.05.02,Participações em Controladas em Conjunto,0.0
2023-09-30,T3,1.05.03,Propriedades para Investimento,0.0
2023-09-30,T3,1.05.04,Outros Investimentos,0.0
2023-09-30,T3,1.06,Imobilizado,7463000.0
2023-09-30,T3,1.06.01,Imobilizado de Uso,0.0
2023-09-30,T3,1.06.02,Direito de Uso em Arrendamento,0.0
2023-09-30,T3,1.07,Intangível,23502000.0
2023-09-30,T3,1.07.01,Intangíveis,0.0
2023-09-30,T3,1.07.02,Goodwill,0.0
2024-03-31,T1,1,Ativo Total,2608695000.0
2024-03-31,T1,1.01,Caixa e Equivalentes de Caixa,34344000.0
2024-03-31,T1,1.02,Ativos Financeiros,2442357000.0
2024-03-31,T1,1.02.01,Ativos Financeiros Avaliados a Valor Justo através do Resultado,589911000.0
2024-03-31,T1,1.02.01.01,Títulos para Negociação,0.0
2024-03-31,T1,1.02.01.02,Títulos Designados a Valor Justo,0.0
2024-03-31,T1,1.02.01.03,Depositos no Banco Central do Brasil,0.0
2024-03-31,T1,1.02.01.04,Títulos e Valores Mobiliários,516940000.0
2024-03-31,T1,1.02.01.05,Derivativos,71187000.0
2024-03-31,T1,1.02.01.06,Outros Ativos Financeiros,1784000.0
2024-03-31,T1,1.02.02,Ativos Financeiros Avaliados a Valor Justo através de Outros Resultados Abrangentes,131869000.0
2024-03-31,T1,1.02.02.01,Títulos e Valores Mobiliários,131869000.0
2024-03-31,T1,1.02.03,Ativos Financeiros Avaliados ao Custo Amortizado,1720577000.0
2024-03-31,T1,1.02.03.01,Aplicações em Depósitos Interfinanceiros,51190000.0
2024-03-31,T1,1.02.03.02,Aplicações no Mercado Aberto,268818000.0
2024-03-31,T1,1.02.03.03,Títulos e Valores Mobiliários,273091000.0
2024-03-31,T1,1.02.03.04,Operações de Crédito e Arrendamento Mercantil Financeiro,905096000.0
2024-03-31,T1,1.02.03.05,Outros Ativos Financeiros,127072000.0
2024-03-31,T1,1.02.03.06,(-) Provisão para Perda Esperada,-47116000.0
2024-03-31,T1,1.02.03.07,Depositos no Banco Central do Brasil,142426000.0
2024-03-31,T1,1.02.03.08,Aplicações Voluntárias no Banco Central do Brasil,0.0
2024-03-31,T1,1.03,Tributos Diferidos,65775000.0
2024-03-31,T1,1.03.01,Imposto de Renda e Contribuição Social - A Compensar,3269000.0
2024-03-31,T1,1.03.02,Imposto de Renda e Contribuição Social - Diferido,54609000.0
2024-03-31,T1,1.03.03,Outros,7897000.0
2024-03-31,T1,1.04,Outros Ativos,24612000.0
2024-03-31,T1,1.04.01,Ativos Não Correntes a Venda,0.0
2024-03-31,T1,1.04.02,Ativos de Operações Descontinuadas,0.0
2024-03-31,T1,1.04.03,Outros,24506000.0
2024-03-31,T1,1.04.04,Contratos de Seguro,106000.0
2024-03-31,T1,1.05,Investimentos,9454000.0
2024-03-31,T1,1.05.01,Participações em Coligadas,0.0
2024-03-31,T1,1.05.02,Participações em Controladas em Conjunto,0.0
2024-03-31,T1,1.05.03,Propriedades para Investimento,0.0
2024-03-31,T1,1.05.04,Outros Investimentos,0.0
2024-03-31,T1,1.06,Imobilizado,9099000.0
2024-03-31,T1,1.06.01,Imobilizado de Uso,0.0
2024-03-31,T1,1.06.02,Direito de Uso em Arrendamento,0.0
2024-03-31,T1,1.07,Intangível,23054000.0
2024-03-31,T1,1.07.01,Intangíveis,0.0
2024-03-31,T1,1.07.02,Goodwill,0.0
2024-06-30,T2,1,Ativo Total,2722720000.0
2024-06-30,T2,1.01,Caixa e Equivalentes de Caixa,33862000.0
2024-06-30,T2,1.02,Ativos Financeiros,2553407000.0
2024-06-30,T2,1.02.01,Ativos Financeiros Avaliados a Valor Justo através do Resultado,616120000.0
2024-06-30,T2,1.02.01.01,Títulos para Negociação,0.0
2024-06-30,T2,1.02.01.02,Títulos Designados a Valor Justo,0.0
2024-06-30,T2,1.02.01.03,Depositos no Banco Central do Brasil,0.0
2024-06-30,T2,1.02.01.04,Títulos e Valores Mobiliários,544649000.0
2024-06-30,T2,1.02.01.05,Derivativos,69627000.0
2024-06-30,T2,1.02.01.06,Outros Ativos Financeiros,1844000.0
2024-06-30,T2,1.02.02,Ativos Financeiros Avaliados a Valor Justo através de Outros Resultados Abrangentes,136226000.0
2024-06-30,T2,1.02.02.01,Títulos e Valores Mobiliários,136226000.0
2024-06-30,T2,1.02.03,Ativos Financeiros Avaliados ao Custo Amortizado,1801061000.0
2024-06-30,T2,1.02.03.01,Depositos no Banco Central do Brasil,155766000.0
2024-06-30,T2,1.02.03.02,Aplicações em Depósitos Interfinanceiros,59021000.0
2024-06-30,T2,1.02.03.03,Aplicações no Mercado Aberto,248566000.0
2024-06-30,T2,1.02.03.04,Títulos e Valores Mobiliários,304728000.0
2024-06-30,T2,1.02.03.05,Operações de Crédito e Arrendamento Mercantil Financeiro,948279000.0
2024-06-30,T2,1.02.03.06,Outros Ativos Financeiros,132408000.0
2024-06-30,T2,1.02.03.07,(-) Provisão para Perda Esperada,-47707000.0
2024-06-30,T2,1.02.03.08,Aplicações Voluntárias no Banco Central do Brasil,0.0
2024-06-30,T2,1.03,Tributos Diferidos,68505000.0
2024-06-30,T2,1.03.01,Imposto de Renda e Contribuição Social - A Compensar,2075000.0
2024-06-30,T2,1.03.02,Imposto de Renda e Contribuição Social - Diferido,57752000.0
2024-06-30,T2,1.03.03,Outros,8678000.0
2024-06-30,T2,1.04,Outros Ativos,24249000.0
2024-06-30,T2,1.04.01,Ativos Não Correntes a Venda,0.0
2024-06-30,T2,1.04.02,Ativos de Operações Descontinuadas,0.0
2024-06-30,T2,1.04.03,Outros,24168000.0
2024-06-30,T2,1.04.04,Contratos de Seguro,81000.0
2024-06-30,T2,1.05,Investimentos,9674000.0
2024-06-30,T2,1.05.01,Participações em Coligadas,0.0
2024-06-30,T2,1.05.02,Participações em Controladas em Conjunto,0.0
2024-06-30,T2,1.05.03,Propriedades para Investimento,0.0
2024-06-30,T2,1.05.04,Outros Investimentos,0.0
2024-06-30,T2,1.06,Imobilizado,9216000.0
2024-06-30,T2,1.06.01,Imobilizado de Uso,0.0
2024-06-30,T2,1.06.02,Direito de Uso em Arrendamento,0.0
2024-06-30,T2,1.07,Intangível,23807000.0
2024-06-30,T2,1.07.01,Intangíveis,0.0
2024-06-30,T2,1.07.02,Goodwill,0.0
2024-09-30,T3,1,Ativo Total,2783431000.0
2024-09-30,T3,1.01,Caixa e Equivalentes de Caixa,37868000.0
2024-09-30,T3,1.02,Ativos Financeiros,2604774000.0
2024-09-30,T3,1.02.01,Ativos Financeiros Avaliados a Valor Justo através do Resultado,597015000.0
2024-09-30,T3,1.02.01.01,Títulos para Negociação,0.0
2024-09-30,T3,1.02.01.02,Títulos Designados a Valor Justo,0.0
2024-09-30,T3,1.02.01.03,Depositos no Banco Central do Brasil,0.0
2024-09-30,T3,1.02.01.04,Títulos e Valores Mobiliários,523284000.0
2024-09-30,T3,1.02.01.05,Derivativos,70743000.0
2024-09-30,T3,1.02.01.06,Outros Ativos Financeiros,2988000.0
2024-09-30,T3,1.02.02,Ativos Financeiros Avaliados a Valor Justo através de Outros Resultados Abrangentes,104863000.0
2024-09-30,T3,1.02.02.01,Títulos e Valores Mobiliários,104863000.0
2024-09-30,T3,1.02.03,Ativos Financeiros Avaliados ao Custo Amortizado,1902896000.0
2024-09-30,T3,1.02.03.01,Depositos no Banco Central do Brasil,153030000.0
2024-09-30,T3,1.02.03.02,Aplicações em Depósitos Interfinanceiros,54931000.0
2024-09-30,T3,1.02.03.03,Aplicações no Mercado Aberto,346346000.0
2024-09-30,T3,1.02.03.04,Títulos e Valores Mobiliários,303347000.0
2024-09-30,T3,1.02.03.05,Operações de Crédito e Arrendamento Mercantil Financeiro,965404000.0
2024-09-30,T3,1.02.03.06,Outros Ativos Financeiros,124486000.0
2024-09-30,T3,1.02.03.07,(-) Provisão para Perda Esperada,-44648000.0
2024-09-30,T3,1.02.03.08,Aplicações Voluntárias no Banco Central do Brasil,0.0
2024-09-30,T3,1.03,Tributos Diferidos,71295000.0
2024-09-30,T3,1.03.01,Imposto de Renda e Contribuição Social - A Compensar,2765000.0
2024-09-30,T3,1.03.02,Imposto de Renda e Contribuição Social - Diferido,59033000.0
2024-09-30,T3,1.03.03,Outros,9497000.0
2024-09-30,T3,1.04,Outros Ativos,26260000.0
2024-09-30,T3,1.04.01,Ativos Não Correntes a Venda,0.0
2024-09-30,T3,1.04.02,Ativos de Operações Descontinuadas,0.0
2024-09-30,T3,1.04.03,Outros,26187000.0
2024-09-30,T3,1.04.04,Contratos de Seguro,73000.0
2024-09-30,T3,1.05,Investimentos,10007000.0
2024-09-30,T3,1.05.01,Participações em Coligadas,0.0
2024-09-30,T3,1.05.02,Participações em Controladas em Conjunto,0.0
2024-09-30,T3,1.05.03,Propriedades para Investimento,0.0
2024-09-30,T3,1.05.04,Outros Investimentos,0.0
2024-09-30,T3,1.06,Imobilizado,9210000.0
2024-09-30,T3,1.06.01,Imobilizado de Uso,0.0
2024-09-30,T3,1.06.02,Direito de Uso em Arrendamento,0.0
2024-09-30,T3,1.07,Intangível,24017000.0
2024-09-30,T3,1.07.01,Intangíveis,0.0
2024-09-30,T3,1.07.02,Goodwill,0.0
2025-03-31,T1,1,Ativo Total,2802812000.0
2025-03-31,T1,1.01,Caixa e Equivalentes de Caixa,38893000.0
2025-03-31,T1,1.02,Ativos Financeiros,2620833000.0
2025-03-31,T1,1.02.01,Ativos Financeiros Avaliados a Valor Justo através do Resultado,696900000.0
2025-03-31,T1,1.02.01.01,Títulos para Negociação,0.0
2025-03-31,T1,1.02.01.02,Títulos Designados a Valor Justo,0.0
2025-03-31,T1,1.02.01.03,Depositos no Banco Central do Brasil,0.0
2025-03-31,T1,1.02.01.04,Títulos e Valores Mobiliários,618136000.0
2025-03-31,T1,1.02.01.05,Derivativos,78239000.0
2025-03-31,T1,1.02.01.06,Outros Ativos Financeiros,525000.0
2025-03-31,T1,1.02.02,Ativos Financeiros Avaliados a Valor Justo através de Outros Resultados Abrangentes,116152000.0
2025-03-31,T1,1.02.02.01,Títulos e Valores Mobiliários,116152000.0
2025-03-31,T1,1.02.03,Ativos Financeiros Avaliados ao Custo Amortizado,1807781000.0
2025-03-31,T1,1.02.03.01,Depositos no Banco Central do Brasil,163583000.0
2025-03-31,T1,1.02.03.02,Aplicações em Depósitos Interfinanceiros,52523000.0
2025-03-31,T1,1.02.03.03,Aplicações no Mercado Aberto,195142000.0
2025-03-31,T1,1.02.03.04,Títulos e Valores Mobiliários,313034000.0
2025-03-31,T1,1.02.03.05,Operações de Crédito e Arrendamento Mercantil Financeiro,1001976000.0
2025-03-31,T1,1.02.03.06,Outros Ativos Financeiros,131882000.0
2025-03-31,T1,1.02.03.07,(-) Provisão para Perda Esperada,-50359000.0
2025-03-31,T1,1.02.03.08,Aplicações Voluntárias no Banco Central do Brasil,0.0
2025-03-31,T1,1.03,Tributos Diferidos,73576000.0
2025-03-31,T1,1.03.01,Imposto de Renda e Contribuição Social - A Compensar,3639000.0
2025-03-31,T1,1.03.02,Imposto de Renda e Contribuição Social - Diferido,60084000.0
2025-03-31,T1,1.03.03,Outros,9853000.0
2025-03-31,T1,1.04,Outros Ativos,22260000.0
2025-03-31,T1,1.04.01,Ativos Não Correntes a Venda,0.0
2025-03-31,T1,1.04.02,Ativos de Operações Descontinuadas,0.0
2025-03-31,T1,1.04.03,Outros,22180000.0
2025-03-31,T1,1.04.04,Contratos de Seguro,80000.0
2025-03-31,T1,1.05,Investimentos,10184000.0
2025-03-31,T1,1.05.01,Participações em Coligadas,0.0
2025-03-31,T1,1.05.02,Participações em Controladas em Conjunto,0.0
2025-03-31,T1,1.05.03,Propriedades para Investimento,0.0
2025-03-31,T1,1.05.04,Outros Investimentos,0.0
2025-03-31,T1,1.06,Imobilizado,13012000.0
2025-03-31,T1,1.06.01,Imobilizado de Uso,0.0
2025-03-31,T1,1.06.02,Direito de Uso em Arrendamento,0.0
2025-03-31,T1,1.07,Intangível,24054000.0
2025-03-31,T1,1.07.01,Intangíveis,0.0
2025-03-31,T1,1.07.02,Goodwill,0.0
2025-06-30,T2,1,Ativo Total,2877420000.0
2025-06-30,T2,1.01,Caixa e Equivalentes de Caixa,32177000.0
2025-06-30,T2,1.02,Ativos Financeiros,2696898000.0
2025-06-30,T2,1.02.01,Ativos Financeiros Avaliados a Valor Justo através do Resultado,715910000.0
2025-06-30,T2,1.02.01.01,Títulos para Negociação,0.0
2025-06-30,T2,1.02.01.02,Títulos Designados a Valor Justo,0.0
2025-06-30,T2,1.02.01.03,Depositos no Banco Central do Brasil,0.0
2025-06-30,T2,1.02.01.04,Títulos e Valores Mobiliários,640031000.0
2025-06-30,T2,1.02.01.05,Derivativos,73542000.0
2025-06-30,T2,1.02.01.06,Outros Ativos Financeiros,2337000.0
2025-06-30,T2,1.02.02,Ativos Financeiros Avaliados a Valor Justo através de Outros Resultados Abrangentes,117285000.0
2025-06-30,T2,1.02.02.01,Títulos e Valores Mobiliários,117285000.0
2025-06-30,T2,1.02.03,Ativos Financeiros Avaliados ao Custo Amortizado,1863703000.0
2025-06-30,T2,1.02.03.01,Depositos no Banco Central do Brasil,165517000.0
2025-06-30,T2,1.02.03.02,Aplicações em Depósitos Interfinanceiros,60714000.0
2025-06-30,T2,1.02.03.03,Aplicações no Mercado Aberto,224247000.0
2025-06-30,T2,1.02.03.04,Títulos e Valores Mobiliários,314794000.0
2025-06-30,T2,1.02.03.05,Operações de Crédito e Arrendamento Mercantil Financeiro,1011474000.0
2025-06-30,T2,1.02.03.06,Outros Ativos Financeiros,137625000.0
2025-06-30,T2,1.02.03.07,(-) Provisão para Perda Esperada,-50668000.0
2025-06-30,T2,1.02.03.08,Aplicações Voluntárias no Banco Central do Brasil,0.0
2025-06-30,T2,1.03,Tributos Diferidos,77954000.0
2025-06-30,T2,1.03.01,Imposto de Renda e Contribuição Social - A Compensar,4058000.0
2025-06-30,T2,1.03.02,Imposto de Renda e Contribuição Social - Diferido,63398000.0
2025-06-30,T2,1.03.03,Outros,10498000.0
2025-06-30,T2,1.04,Outros Ativos,23282000.0
2025-06-30,T2,1.04.01,Ativos Não Correntes a Venda,0.0
2025-06-30,T2,1.04.02,Ativos de Operações Descontinuadas,0.0
2025-06-30,T2,1.04.03,Outros,23163000.0
2025-06-30,T2,1.04.04,Contratos de Seguro,119000.0
2025-06-30,T2,1.05,Investimentos,10384000.0
2025-06-30,T2,1.05.01,Participações em Coligadas,0.0
2025-06-30,T2,1.05.02,Participações em Controladas em Conjunto,0.0
2025-06-30,T2,1.05.03,Propriedades para Investimento,0.0
2025-06-30,T2,1.05.04,Outros Investimentos,0.0
2025-06-30,T2,1.06,Imobilizado,12571000.0
2025-06-30,T2,1.06.01,Imobilizado de Uso,0.0
2025-06-30,T2,1.06.02,Direito de Uso em Arrendamento,0.0
2025-06-30,T2,1.07,Intangível,24154000.0
2025-06-30,T2,1.07.01,Intangíveis,0.0
2025-06-30,T2,1.07.02,Goodwill,0.0
2025-09-30,T3,1,Ativo Total,2969351000.0
2025-09-30,T3,1.01,Caixa e Equivalentes de Caixa,34369000.0
2025-09-30,T3,1.02,Ativos Financeiros,2785733000.0
2025-09-30,T3,1.02.01,Ativos Financeiros Avaliados a Valor Justo através do Resultado,720605000.0
2025-09-30,T3,1.02.01.01,Títulos para Negociação,0.0
2025-09-30,T3,1.02.01.02,Títulos Designados a Valor Justo,0.0
2025-09-30,T3,1.02.01.03,Depósitos no Banco Central do Brasil,0.0
2025-09-30,T3,1.02.01.04,Títulos e Valores Mobiliários,636861000.0
2025-09-30,T3,1.02.01.05,Derivativos,81036000.0
2025-09-30,T3,1.02.01.06,Outros Ativos Financeiros,2708000.0
2025-09-30,T3,1.02.02,Ativos Financeiros Avaliados a Valor Justo através de Outros Resultados Abrangentes,130105000.0
2025-09-30,T3,1.02.02.01,Títulos e Valores Mobiliários,130105000.0
2025-09-30,T3,1.02.03,Ativos Financeiros Avaliados ao Custo Amortizado,1935023000.0
2025-09-30,T3,1.02.03.01,Depósitos no Banco Central do Brasil,164192000.0
2025-09-30,T3,1.02.03.02,Aplicações em Depósitos Interfinanceiros,65753000.0
2025-09-30,T3,1.02.03.03,Aplicações no Mercado Aberto,275438000.0
2025-09-30,T3,1.02.03.04,Títulos e Valores Mobiliários,314215000.0
2025-09-30,T3,1.02.03.05,Operações de Crédito e Arrendamento Mercantil Financeiro,1021844000.0
2025-09-30,T3,1.02.03.06,Outros Ativos Financeiros,144277000.0
2025-09-30,T3,1.02.03.07,(-) Provisão para Perda Esperada,-50696000.0
2025-09-30,T3,1.02.03.08,Aplicações Voluntárias no Banco Central do Brasil,0.0
2025-09-30,T3,1.03,Tributos Diferidos,79265000.0
2025-09-30,T3,1.03.01,Imposto de Renda e Contribuição Social - A Compensar,3512000.0
2025-09-30,T3,1.03.02,Imposto de Renda e Contribuição Social - Diferidos,64025000.0
2025-09-30,T3,1.03.03,Outros,11728000.0
2025-09-30,T3,1.04,Outros Ativos,23160000.0
2025-09-30,T3,1.04.01,Ativos Não Correntes a Venda,0.0
2025-09-30,T3,1.04.02,Ativos de Operações Descontinuadas,0.0
2025-09-30,T3,1.04.03,Outros,23003000.0
2025-09-30,T3,1.04.04,Contratos de Seguro,157000.0
2025-09-30,T3,1.05,Investimentos,10598000.0
2025-09-30,T3,1.05.01,Participações em Coligadas,0.0
2025-09-30,T3,1.05.02,Participações em Controladas em Conjunto,0.0
2025-09-30,T3,1.05.03,Propriedades para Investimento,0.0
2025-09-30,T3,1.05.04,Outros Investimentos,0.0
2025-09-30,T3,1.06,Imobilizado,12402000.0
2025-09-30,T3,1.06.01,Imobilizado de Uso,0.0
2025-09-30,T3,1.06.02,Direito de Uso em Arrendamento,0.0
2025-09-30,T3,1.07,Intangível,23824000.0
2025-09-30,T3,1.07.01,Intangíveis,0.0
2025-09-30,T3,1.07.02,Goodwill,0.0
